"","track.name","track.id","track.duration_ms","danceability","key","energy","loudness","mode","speechiness","acousticness","instrumentalness","liveness","valence","tempo"
"1","Rebel Rouser","4nAJtcmiyoL0ARY5WZY9IN",153533,0.388,7,0.434,-11.997,1,0.0354,0.789,0.954,0.728,0.873,206.313
"2","Splish Splash","40fD7ct05FvQHLdQTgJelG",131719,0.645,0,0.943,-1.526,1,0.0393,0.385,0,0.37,0.965,147.768
"3","Bird Dog","2ZCkqAo0tzzCVOth7ityh5",136426,0.658,11,0.706,-9.076,1,0.0354,0.686,2.18e-06,0.166,0.965,141.194
"4","When","5yARPNWQtcAVAaoiUmn1Zg",147066,0.667,6,0.426,-11.034,1,0.0333,0.656,5.35e-06,0.172,0.946,92.852
"5","Just a Dream","7l1CNMBEhBdKpnB4cad565",151080,0.365,7,0.546,-3.87,1,0.0339,0.745,0,0.0818,0.725,81.017
"6","My True Love","4AFAavMlvbrkZonVM8YU4Z",165026,0.548,4,0.253,-11.387,1,0.0279,0.871,9.88e-05,0.138,0.238,68.184
"7","Little Star","3c7KT5CN8uYRaK3xThhdYt",162773,0.408,9,0.397,-12.536,1,0.03,0.873,0,0.28,0.697,72.615
"8","Patricia","4jmFSkpcqLOUN6scGU6BOO",128360,0.541,0,0.676,-7.988,1,0.135,0.188,0.803,0.123,0.911,76.231
"9","Poor Little Fool - Remastered 2005","5gFP4vYJr5FwOvkKE22sDu",150853,0.551,0,0.324,-11.773,1,0.0297,0.631,0,0.222,0.809,155.042
"10","Nel Blù Dipinto Di Blù","1GrkClNrlbMQsx8xotHYlJ",217853,0.455,10,0.0907,-16.006,1,0.0457,0.989,0.0549,0.163,0.414,123.518
"11","Tiger","7Bby9WZV0Sk1gawefsPvjY",151240,0.559,7,0.914,-8.113,1,0.0434,0.777,0.000335,0.863,0.88,167.21
"12","Waterloo","7csND1GTax097nJMcL5QTx",148240,0.363,8,0.741,-6.688,0,0.0344,0.267,0,0.279,0.963,203.107
"13","Lavender Blue","0YARD4OwVGKKzfTrUXlxYr",134453,0.468,8,0.281,-13.322,1,0.0354,0.832,0.738,0.205,0.479,114.61
"14","There Goes My Baby","3XbvlTrsM8iSNzzZ2wjMmW",129613,0.239,6,0.564,-6.544,0,0.035,0.596,0,0.704,0.642,77.58
"15","Personality","5vjigjfoXuJEttqLB3HTAg",157733,0.591,5,0.454,-8.936,1,0.0322,0.744,0,0.0989,0.865,128.909
"16","The Three Bells (Les Trois Cloches)","70fQyygLa7HRm86apC5f4L",170639,0.488,7,0.045,-23.317,1,0.0454,0.965,9.68e-06,0.105,0.417,109.31
"17","My Heart Is An Open Book","1xa6QJA0OiUJs2ybiyMPA0",126800,0.843,4,0.12,-17.305,1,0.0788,0.611,2.31e-06,0.124,0.622,128.532
"18","A Big Hunk O' Love","7JmEO5mGOuloNVjYMYVlcp",132840,0.536,0,0.902,-7.817,1,0.0443,0.771,0.205,0.413,0.965,87.471
"19","The Battle of New Orleans","2YfDQbQJhIL40untMcU1K0",150266,0.682,9,0.753,-10.863,1,0.0903,0.739,0,0.0699,0.926,179.805
"20","Lonely Boy","4kh2S9hRpPvoF9JkwZcYGN",151106,0.623,0,0.605,-9.923,1,0.0306,0.352,0,0.101,0.804,106.163
"21","Because They're Young","2K0hgfE82KxsXR5cflbgQ6",116680,0.581,4,0.644,-10.684,1,0.0397,0.526,0.955,0.606,0.952,121.62
"22","Mule Skinner Blues","5y87FyLF3lJy7ybA7WCWqS",145475,0.412,4,0.555,-5.339,1,0.0366,0.928,0.00303,0.317,0.464,126.825
"23","Cathy's Clown - Remastered Album Version","27bw4i8LnECzVlbMZ4kFHw",145933,0.507,7,0.561,-10.472,1,0.0353,0.548,0,0.59,0.89,120.042
"24","Walk, Don't Run","7B2pUwzvlbNG9D855r9ugf",122933,0.488,5,0.648,-13.252,1,0.0305,0.852,0.914,0.13,0.949,156.35
"25","Only the Lonely","0PkBTqRtN25z3oKasWoKlj",145533,0.57,5,0.529,-10.769,1,0.028,0.377,0.00509,0.203,0.934,123.273
"26","Itsy Bitsy Teenie Weenie Yellow Polka Dot Bikini (Bonus Track)","749QadZJVqS0gMA32XfbcZ",141892,0.814,2,0.266,-17.523,1,0.192,0.522,0,0.0243,0.965,123.304
"27","Alley Oop","2XNoOrbIlv70V1siXeBokl",160800,0.647,7,0.454,-9.954,1,0.0545,0.849,0,0.212,0.88,64.56
"28","Everybody's Somebody's Fool","6jdONXtmF2ZmLyRgZfwDRj",160093,0.587,1,0.72,-5.214,1,0.0303,0.792,1.54e-05,0.255,0.81,84.272
"29","It's Now or Never","1XunTmhOcj3xwh4b8P3isX",194600,0.643,4,0.491,-9.312,1,0.0344,0.642,0.00972,0.286,0.753,126.399
"30","I'm Sorry - Single Version","3APACyFiwQBuROox5qrEGP",159973,0.528,10,0.112,-17.431,1,0.031,0.938,0.00519,0.117,0.305,102.148
"31","Last Night","7H22uQMwKWl43uagzO4Pnn",159173,0.723,0,0.565,-4.175,1,0.0386,0.448,0.866,0.0708,0.859,126.588
"32","Dum Dum - Single Version","1im7v5BkXoN8Ef2aG2MZnr",146173,0.698,1,0.426,-12.414,1,0.348,0.788,0,0.298,0.659,125.996
"33","Moody River - Single Version","3xfYT1F0cj0GAmDruMuU5T",157866,0.776,3,0.391,-9.895,1,0.0305,0.697,0,0.0877,0.6,129.944
"34","Wooden Heart","2ELAMT68a78OGwhCgj9Kai",118426,0.844,1,0.462,-9.855,1,0.0525,0.713,0.0234,0.106,0.947,84.913
"35","Rain Drops","3sUrRx5olZ46KT6JWqG4EI",173531,0.553,8,0.396,-14.02,1,0.0393,0.13,1.25e-06,0.17,0.697,121.215
"36","Michael/Cotton Fields Medley","5pgq6Pzyr8iF2Rs7vzC1nd",289227,0.48,0,0.237,-18.666,1,0.375,0.86,0.128,0.945,0.469,103.182
"37","I Like It Like That - Pt. 1","3L1hW52J69eKF9xYP5N0Te",120200,0.577,5,0.544,-12.315,1,0.0742,0.884,0,0.22,0.813,143.914
"38","The Boll Weevil Song","5MtxVHfin1V7AHgyQFGSaM",158400,0.731,0,0.435,-12.78,1,0.0493,0.23,2.23e-06,0.198,0.618,133.171
"39","Quarter to Three","7vugeR0uJbVS9NAtLmynF6",148950,0.498,0,0.891,-5.636,0,0.163,0.966,0.00243,0.83,0.85,80.476
"40","Tossin' And Turnin' - Stereo Version","5N98aAkCB0VUaPhWXBwOVH",155800,0.469,0,0.932,-5.815,1,0.0874,0.399,0,0.0737,0.874,141.627
"41","It Keeps Right On A-Hurtin' - 1962 #3Pop; #4Country Billboard Chart Hit","7d0sUxZ1O3zyM5B8t6CYST",169573,0.311,9,0.283,-10.358,1,0.0325,0.751,0,0.134,0.525,201.96
"42","Sheila","567I3MNucUhkqZX9diIrDU",125960,0.375,4,0.487,-12.612,1,0.073,0.18,0.00011,0.0873,0.678,136.991
"43","Palisades Park","2qi7QEyfxL2Z2ez9Rd51e0",113213,0.36,1,0.82,-6.28,1,0.0552,0.404,0,0.121,0.857,83.227
"44","Sealed With A Kiss","7wXeFRFidpQIfZgExLavJy",159733,0.488,5,0.285,-11.613,0,0.0278,0.792,0,0.117,0.607,91.607
"45","The Wah Watusi","1txHbsMQPOPqjigbBXTULL",150240,0.768,4,0.684,-6.116,0,0.0398,0.138,0.000898,0.0642,0.887,134.116
"46","The Loco-Motion - Single Version","1hClDWPgajpLIFjLOkFuau",148626,0.636,3,0.893,-6.311,1,0.047,0.674,0.00143,0.176,0.887,129.664
"47","Breaking Up Is Hard to Do - Remastered","39DSvayPtd1mLyc1Sdxgxw",137440,0.743,8,0.648,-8.773,0,0.0381,0.609,0,0.0611,0.97,116.37
"48","The Stripper","4AWBrxRCceNQwhnzgu4jXG",117066,0.473,0,0.459,-9.994,1,0.028,0.688,0.594,0.163,0.56,94.189
"49","I Can't Stop Loving You","0lKNhJylqHrHdQBzmFN73Y",253386,0.327,5,0.326,-10.454,1,0.0316,0.6,0,0.333,0.349,79.94
"50","Roses Are Red (My Love) - Single Version","0qYok0f8O5DE8yJSo146dn",158933,0.515,5,0.218,-10.071,1,0.0287,0.828,0,0.302,0.534,102.997
"51","Candy Girl","0IGTfJZSgseqOxK4dsAbRl",157800,0.641,9,0.498,-8.244,0,0.0343,0.707,0,0.666,0.741,126.24
"52","(You're The) Devil in Disguise","3Y6xbMmySNUWJTwmLwXSki",139880,0.484,5,0.72,-8.395,1,0.157,0.59,2.2e-05,0.125,0.888,122.583
"53","My Boyfriend's Back","5NiFSI8iIDtVm1NCwdYrHS",136800,0.683,3,0.885,-6.099,1,0.155,0.629,0,0.075,0.954,135.134
"54","Blowin' in the Wind","62Yu8QL1g9pdbvN4XL9Rah",177360,0.381,5,0.0848,-17.77,1,0.032,0.834,0,0.112,0.557,155.036
"55","Wipe Out - Hit Version / Extended Ending","4anUinKv803lyDD1vaSXhU",157760,0.336,0,0.636,-13.785,1,0.0374,0.385,0.909,0.414,0.521,152.423
"56","Sukiyaki","6meIeOX3DHdaCnaNw67abE",189520,0.415,7,0.359,-11.094,1,0.0334,0.707,6.53e-05,0.319,0.404,146.029
"57","So Much In Love - Single Version/Bonus Track","6r2443Uvg4L9WOR9m2mHSx",130093,0.548,4,0.493,-10.093,1,0.0328,0.806,6.74e-05,0.639,0.599,75.634
"58","Easier Said Than Done","7DdiHVE7fWpUp5vPqABZnp",128919,0.776,4,0.589,-8.219,1,0.0368,0.691,1.91e-06,0.256,0.926,135.771
"59","Surf City - Remastered 1990/Stereo Remix","4ZzXPeOfMXk0iKNQGdlzDq",163026,0.469,8,0.647,-13.913,1,0.0315,0.595,1.65e-06,0.339,0.942,147.878
"60","Fingertips - Pt. 2","01gRVwWrCLvDDaUofKWjZc",190253,0.321,0,0.906,-5.894,1,0.303,0.565,0.353,0.419,0.335,138.886
"61","Wishin' And Hopin'","7yr4IstGuyLUIYYPUu9xQh",176400,0.679,11,0.38,-10.035,1,0.0382,0.237,0,0.152,0.728,108.133
"62","The Little Old Lady (From Pasadena)","4F2w3xgfaVJdCSAqDtJULv",166040,0.478,3,0.817,-5.48,1,0.0316,0.548,4e-05,0.0444,0.943,145.946
"63","Under the Boardwalk","65jrjEhWfAvysKfnojk1i0",161960,0.747,7,0.226,-13.635,1,0.0415,0.908,0.000168,0.107,0.778,123.789
"64","Memphis","454UAPWgkL2dFwFLjx4hRm",151773,0.644,4,0.787,-4.502,1,0.0827,0.71,3.04e-05,0.229,0.687,183.337
"65","House Of The Rising Sun","7BY005dacJkbO6EPiOh2wb",271280,0.295,9,0.584,-6.696,0,0.0345,0.000385,0.218,0.0996,0.228,117.2
"66","Rag Doll","3NN4WPApckHyTZ6pPoRRWc",180066,0.481,10,0.477,-8.961,1,0.0303,0.654,1.48e-05,0.0761,0.68,122.369
"67","A Hard Day's Night - Remastered 2009","5J2CHimS7dWYMImCHkEFaJ",154200,0.59,0,0.805,-6.481,1,0.0371,0.137,0,0.0996,0.797,138.514
"68","Everybody Loves Somebody","5I9sHwLDX28tLtzVgKLtpr",164546,0.366,3,0.391,-12.322,1,0.0425,0.854,0,0.352,0.461,119.182
"69","I Get Around (Stereo) - Remastered","1Jp0vQZhLa7YCOBdb5frOM",134266,0.398,9,0.513,-9.652,0,0.0371,0.29,0,0.0639,0.902,146.099
"70","Where Did Our Love Go","69RH84na5iUNwrwxpgjC5j",153333,0.566,0,0.49,-10.867,1,0.0414,0.791,1.42e-05,0.0919,0.847,134.934
"71","Save Your Heart For Me","06oBmaDk2mQDe6kIE4aXYX",119186,0.622,2,0.223,-12.4,1,0.0277,0.629,0,0.0718,0.617,106.873
"72","Cara Mia","0Arrnl9EB7LtzPISpNBQQf",153160,0.367,0,0.707,-9.392,1,0.046,0.29,3.17e-05,0.505,0.525,127.7
"73","Yes. I'm Ready","2gZpW5pTZkimGG98loFSl2",184333,0.237,5,0.377,-8.798,1,0.0287,0.902,0,0.131,0.479,173.142
"74","What's New Pussycat?","4dx3Lqdq4WvUWx23d04tOl",124066,0.364,6,0.591,-8.251,0,0.269,0.849,0,0.195,0.59,184.018
"75","Mr. Tambourine Man","2HCaIYjkvWSZzaSKUoOh3d",149466,0.456,2,0.47,-9.564,1,0.0294,0.513,3.76e-05,0.444,0.639,120.336
"76","I'm Henry VIII, I Am","0EuP8NFeGJT6lnTLN9GGbb",107346,0.693,9,0.891,-4.382,1,0.0568,0.251,0,0.122,0.961,98.735
"77","Help! - Remastered 2009","7DD7eSuYSC5xk2ArU62esN",139560,0.534,6,0.725,-7.576,0,0.0332,0.188,0,0.0994,0.763,95.003
"78","I Got You Babe","4SGBuq37Ol4HJr7pQqFMKa",190080,0.629,6,0.795,-6.02,1,0.0278,0.136,5.44e-06,0.132,0.6,110.583
"79","I Can't Help Myself (Sugar Pie, Honey Bunch)","3aSWQJcWnnqgwYbAgidvlV",163680,0.686,0,0.714,-4.809,1,0.0287,0.204,0,0.0592,0.964,126.736
"80","(I Can't Get No) Satisfaction - Mono Version","2PzU4IB8Dr6mxV3lHuaG34",222813,0.723,2,0.863,-7.89,1,0.0338,0.0383,0.0317,0.128,0.931,136.302
"81","See You in September","2caREKLVN9PbVDe9EPzXjc",147226,0.519,4,0.422,-8.732,1,0.0282,0.864,0,0.332,0.803,128.956
"82","Sunshine Superman","4RGxUjaCmVtD30pIhtEi7w",195000,0.629,1,0.677,-7.239,1,0.0299,0.122,9.72e-06,0.0962,0.627,132.783
"83","Red Rubber Ball","213YUBpRZdZGCrtb2dcbzi",139493,0.611,9,0.518,-9.982,1,0.0278,0.433,0,0.0918,0.792,92.15
"84","Strangers In The Night","74VR3AkGPhbYXnxcOYa16x",157866,0.259,5,0.473,-8.275,1,0.0295,0.592,0,0.201,0.539,90.348
"85","Sunny","4vju55Ag7apDL2CfotuE7Q",165066,0.714,4,0.338,-10.994,0,0.0456,0.93,0.00644,0.389,0.667,128.385
"86","Paperback Writer - Remastered 2015","0Ui8KPWZbJJQ2Y0CIQuVqX",138200,0.472,7,0.856,-6.03,1,0.0562,0.147,2.78e-06,0.595,0.841,78.696
"87","Hanky Panky - Single Version","3uqEiaO6MUoM89nLSIs05c",172400,0.646,7,0.911,-6.228,0,0.101,0.411,0.000484,0.115,0.895,126.122
"88","Li'l Red Riding Hood","4KRZavHoJTmzPqW8r8TlVC",163573,0.769,2,0.381,-9.466,1,0.034,0.613,0,0.0863,0.528,122.29
"89","Summer in the City - Remastered","7AzFID6u1b3zIWbd9pb8Dk",160306,0.423,10,0.681,-9.756,1,0.0397,0.0592,0.000177,0.0889,0.559,110.461
"90","Wild Thing","0D9J4MkQVyn1690CBqLx4u",158640,0.458,9,0.853,-8.575,1,0.139,0.741,0.0215,0.0851,0.671,202.509
"91","Baby, I Love You","3Jmf3PV3ChUCGmFzxMyR2V",159106,0.681,0,0.261,-17.347,1,0.0326,0.625,2.09e-06,0.247,0.795,91.357
"92","San Francisco (Be Sure to Wear Flowers In Your Hair)","6UsdldEfcEXSID2G3nA89J",178800,0.566,7,0.505,-10.404,1,0.0283,0.428,5.3e-06,0.0927,0.649,113.145
"93","A Whiter Shade Of Pale","3qitymULqEibr7yknRMKU4",248946,0.249,0,0.66,-6.905,1,0.0342,0.504,0.0026,0.0891,0.435,149.813
"94","Ode To Billie Joe","4FdDorlbJTVHcH3djLbIfn",255001,0.637,7,0.189,-10.726,1,0.0471,0.721,0,0.0939,0.695,120.142
"95","All You Need Is Love - Remastered 2009","68BTFws92cRztMS1oQ7Ewj",230386,0.4,7,0.48,-7.768,1,0.0295,0.346,3.1e-05,0.155,0.653,103.436
"96","I Was Made To Love Her","2aCKBrLn7rbhStk5k4FwnF",156440,0.371,7,0.613,-6.685,0,0.0452,0.0589,0,0.0479,0.873,203.732
"97","Little Bit O' Soul - Remastered","4Cl6BCh0RGp9puOTMkZlMM",141866,0.539,7,0.694,-8.627,1,0.0697,0.384,0,0.202,0.877,131.901
"98","Can't Take My Eyes off You","0bfvHnWWOeU1U5XeKyVLbW",203680,0.581,4,0.78,-7.053,1,0.0567,0.508,1.07e-05,0.0799,0.561,123.711
"99","Windy - Remastered Version","1lHiKWnlJtjzA4vHnjAr39",176600,0.676,5,0.681,-9.223,1,0.0292,0.363,0.191,0.0967,0.901,132.953
"100","Light My Fire","5uvosCdMlFdTXhoazkTI5R",429760,0.413,3,0.725,-5.787,0,0.0324,0.369,2.16e-05,0.0905,0.44,124.618
"101","Born To Be Wild - Single Version","3lN8PP6R2IxbLP05QpYXng",212893,0.439,2,0.734,-12.168,1,0.097,0.262,0.333,0.244,0.54,145.703
"102","Classical Gas","4DK3JpX2NkEMhCnltUEvUg",184800,0.486,7,0.701,-10.53,1,0.0348,0.852,0.746,0.108,0.74,155.269
"103","Jumpin' Jack Flash","55LRDFmsuazr533WrtHHW9",219466,0.596,3,0.901,-7.373,1,0.0482,0.0362,0.749,0.0698,0.621,137.359
"104","Lady Willpower","6QLyAYLZLLbgczRU744rFe",159320,0.524,2,0.561,-7.655,1,0.0277,0.442,0,0.523,0.641,122.948
"105","The Horse","2FCiuaXNE1kjwSoAvso4vT",146066,0.647,7,0.571,-6.003,0,0.0278,0.0501,0.887,0.0896,0.922,135.785
"106","Stoned Soul Picnic","1bKQeepTAEYlpn8wpL7iDn",206226,0.557,9,0.448,-12.227,1,0.0308,0.2,0,0.175,0.733,93.658
"107","Grazing In The Grass","2P6Buc8kWRgShx7aHIadqu",157773,0.661,7,0.554,-12.241,0,0.0291,0.36,0.782,0.261,0.906,106.894
"108","People Got to Be Free","5tUEIByLWg1sYWajZ2x5zx",181786,0.685,10,0.696,-8.137,1,0.0364,0.466,0,0.195,0.96,126.019
"109","Hello, I Love You","3bWGaqVeYKMlLss40mPgNn",133200,0.597,11,0.554,-14.144,0,0.0425,0.029,0,0.0766,0.963,117.835
"110","This Guy's In Love With You","7a3g7jILDCvADVN9NQIyYj",239733,0.635,1,0.167,-12.998,1,0.0403,0.858,0.000999,0.213,0.246,83.768
"111","A Boy Named Sue - Live at San Quentin State Prison, San Quentin, CA - February 1969","4VkgY55sUbfszX3XjS3LxW",225040,0.685,10,0.486,-11.898,1,0.323,0.758,0,0.716,0.892,101.539
"112","Sweet Caroline","1ueDTkS16pHnB6dC1PCpOX",200293,0.556,11,0.261,-8.87,1,0.0288,0.452,5.24e-05,0.474,0.623,126.858
"113","What Does It Take (To Win Your Love)","6cYwfbMdQnLCFW8u9cgKaC",148840,0.637,5,0.481,-11.078,1,0.0285,0.0858,0,0.136,0.718,109.484
"114","Good Morning Starshine - Re-Recording","4fxWcJSA5U0vZ0Mk3jIZO4",218746,0.691,11,0.513,-9.625,1,0.0301,0.51,1.11e-05,0.0489,0.835,124.98
"115","One - Single Version","4ME2YQNThxEW63fxojzHvN",185826,0.55,5,0.409,-12.702,0,0.0321,0.312,0,0.096,0.405,61.226
"116","Spinning Wheel","2AhGWwkn71UUTDaQmqqxyw",244200,0.692,7,0.37,-14.261,1,0.0577,0.413,5.69e-05,0.297,0.582,96.748
"117","Love Theme From Romeo And Juliet","67fxH6TVvnxp9HNK8TuJCd",152373,0.4,9,0.118,-16.286,0,0.0317,0.98,0.819,0.126,0.173,75.741
"118","Crystal Blue Persuasion (45 Version)","6NWD6siQErobvmydHcmhCw",229196,0.63,9,0.292,-13.263,1,0.0389,0.243,7.37e-05,0.484,0.765,99.348
"119","Honky Tonk Women - Mono Version","4z7OCDAAIZxfzQ6qyUSx1O",179693,0.559,7,0.718,-8.534,1,0.0599,0.364,0.0182,0.0535,0.965,120.24
"120","In the Year 2525","3LdLGNKCW0dNr14JQlZPQt",191160,0.437,8,0.605,-5.5,0,0.0329,0.00924,0.118,0.264,0.581,125.114
"121","In the Summertime","3RNyGLgSvmVRZ7xKUp8Wgd",211880,0.754,4,0.449,-14.013,1,0.0615,0.724,0,0.162,0.973,82.751
"122","Signed, Sealed, Delivered (I'm Yours)","4CB13d6Igb94cWMOQWY3JF",161160,0.672,5,0.595,-11.227,1,0.0331,0.0518,0,0.0882,0.871,108.897
"123","Spill The Wine","6OY5zJoMvk7XUyJbr0XZ5M",293600,0.828,2,0.473,-13.591,0,0.0484,0.363,0,0.0824,0.956,119.731
"124","Band Of Gold - Rerecorded","4xhXZ39KSZKqCd3vNzKD9n",182624,0.701,7,0.602,-10.776,1,0.0297,0.438,0,0.4,0.959,108.758
"125","Ball Of Confusion (That's What The World Is Today) - Single Version/Mono","6uFCc8eYl0ZR7yQciQvSPw",245986,0.597,5,0.626,-10.207,1,0.046,0.13,2.46e-05,0.074,0.899,80.783
"126","War - Single Version","7bfWzWm54GVlb8XBKIb9Zx",200960,0.591,11,0.781,-9.68,1,0.192,0.0677,0,0.294,0.709,109.481
"127","The Love You Save","2dYdai0GywuwYq6blSwDBV",181426,0.755,9,0.713,-10.953,0,0.0513,0.411,0,0.118,0.946,113.656
"128","I Found That Girl","5w23KvZJGkVgRz9Eaog0Nu",179666,0.531,3,0.379,-11.937,1,0.0242,0.476,0,0.188,0.662,92.204
"129","Make It with You","7wWw7hBmErNg9u5w6Xx0vy",192200,0.629,4,0.356,-11.135,1,0.0246,0.66,0.000617,0.173,0.472,83.886
"130","Mama Told Me (Not To Come) - Single Version","1CAO7hiNOxJRPW4nFv2aRO",198933,0.673,1,0.673,-13.941,1,0.0493,0.373,0.0265,0.206,0.825,119.994
"131","(They Long To Be) Close To You","79SE4x5ZROfEqaN12nXFHj",276000,0.543,8,0.241,-14.59,1,0.0344,0.669,6.27e-05,0.121,0.205,89.078
"132","Signs","5KWXi2eCYsC6ofIILjvG4V",241693,0.446,2,0.731,-10.302,1,0.0519,0.243,0,0.0935,0.723,153.672
"133","Treat Her Like A Lady","75t6tcHkZDFKLKJwjXFMtq",160360,0.775,11,0.476,-8.539,0,0.0355,0.191,0,0.132,0.928,131.4
"134","Draggin' the Line","4WYFQLVqla6tpYtKsSqcgu",164866,0.669,1,0.583,-9.165,0,0.0689,0.0521,1.52e-05,0.177,0.647,114.548
"135","Don't Pull Your Love","0AcuXI6KTCmLBoMQz3WKuS",162026,0.627,7,0.59,-12.019,1,0.0335,0.364,0,0.171,0.902,100.543
"136","Take Me Home, Country Roads","1YYhDizHx7PnDhAhko6cDS",190160,0.462,9,0.395,-9.376,1,0.0264,0.758,0,0.121,0.625,82.259
"137","Mr. Big Stuff","2Bls0igCm79XQQ95IoUbhq",164560,0.886,8,0.491,-12.589,1,0.171,0.29,2.46e-06,0.229,0.971,93.236
"138","You've Got a Friend","69l8nFPu0LWmnoJX7YSVYc",268706,0.695,9,0.282,-15.359,1,0.0295,0.681,0.0267,0.0767,0.445,91.681
"139","Indian Reservation (The Lament of the Cherokee Reservation Indian)","3mDOHVY9MWZOTODSNF5GBj",171933,0.639,2,0.385,-13.253,1,0.0759,0.284,0.00193,0.0873,0.209,131.714
"140","It's Too Late","12q3V8ShACq2PSWINMc2rC",233173,0.45,9,0.441,-12.718,0,0.0352,0.498,0.00562,0.133,0.811,208.282
"141","I Feel the Earth Move","1BWsOxeMx83OrKGCV4gxly",178560,0.711,7,0.576,-8.784,0,0.0305,0.648,0.00226,0.0528,0.645,120.116
"142","How Can You Mend A Broken Heart","1jy0RbDHyBMTupSdc98XbG",237826,0.335,4,0.262,-13.832,1,0.0393,0.548,0,0.0971,0.203,68.82
"143","Where Is the Love","65ADTP6Q8mratfOIeKHp7e",163453,0.552,8,0.386,-15.39,1,0.0279,0.252,2.78e-06,0.0954,0.583,114.969
"144","Song Sung Blue - Single Version","3sZlKnnY9H5VnHkEWQVpJg",195160,0.55,0,0.334,-15.681,1,0.0329,0.487,1.1e-05,0.289,0.373,109.158
"145","I'm Still in Love with You","2GEDd9qtGXU7IvGgqTF6Uj",191636,0.712,0,0.399,-9.551,1,0.0282,0.159,0.000377,0.0881,0.799,97.918
"146","Daddy Don't You Walk So Fast - Re-Recorded In Stereo","7buqgbdJkbLhAQIKqyYbbz",198666,0.472,0,0.503,-10.018,1,0.0272,0.467,0,0.155,0.443,152.728
"147","Long Cool Woman (In a Black Dress) - 1999 Remaster","5UwbnHhjnbinJH8TefuQfN",199200,0.757,9,0.868,-9.326,1,0.062,0.411,0.00221,0.355,0.815,138.923
"148","Too Late To Turn Back Now","2OyaNAq8BcGstyzueloqpE",198693,0.516,7,0.73,-7.136,1,0.0494,0.344,0,0.425,0.907,115.126
"149","(If Loving You Is Wrong) I Don't Want to Be Right","54K7o2yNOMZYCtEDnfD6wI",216800,0.502,4,0.451,-7.423,0,0.0438,0.283,0,0.154,0.531,140.474
"150","Lean on Me","3M8FzayQWtkvOhqMn2V4T2",258834,0.619,0,0.22,-13.843,1,0.0667,0.782,1.19e-05,0.124,0.423,75.16
"151","Brandy (You're a Fine Girl)","2BY7ALEWdloFHgQZG6VMLA",186826,0.715,1,0.625,-11.369,0,0.0601,0.396,1.95e-05,0.134,0.826,125.275
"152","Alone Again (Naturally)","6vuEG9sZtC4W2zT64f7zLF",217728,0.558,8,0.464,-8.488,0,0.0354,0.583,0.000133,0.159,0.559,171.762
"153","Yesterday Once More","24Qo0pcx4gjBNQNp1cTOVw",233533,0.253,4,0.391,-13.662,1,0.037,0.7,0,0.36,0.362,168.96
"154","Kodachrome","3f0U5NaD1bCk8nmKpn2ZJY",215400,0.592,1,0.705,-10.276,0,0.0287,0.0291,1.97e-05,0.0456,0.902,135.754
"155","Let's Get It On","0jHkgTtTaqg5LNCiYDQPUB",290960,0.55,3,0.611,-10.657,1,0.0443,0.0392,0,0.0631,0.626,168.512
"156","Give Me Love (Give Me Peace On Earth) - 2014 Mix","4XMRt4xFqLzGs4wDKkSSeu",215693,0.373,5,0.57,-11.56,1,0.0441,0.497,0.0124,0.128,0.631,81.28
"157","Live And Let Die - Remastered 1993","6Z1zJjEXLrszqTPol6bfFV",191426,0.412,7,0.393,-13.316,1,0.0489,0.0742,0.000969,0.136,0.183,154.241
"158","The Morning After - Single Version","62QRbVm7DqR3eoqgT7pEfs",141720,0.408,6,0.511,-7.225,1,0.0263,0.475,0,0.625,0.354,80.176
"159","Touch Me In The Morning","4sIkDCqNjTubfb5UVs8lEA",207413,0.355,6,0.615,-7.21,1,0.0314,0.454,0,0.0477,0.603,137.19
"160","Brother Louie","5kbSslE6zBMZnULSrE4SdZ",235800,0.697,9,0.498,-9.147,0,0.0419,0.101,0.00082,0.13,0.85,103.77
"161","Will It Go Round In Circles","5YLVhkyMsAuYKOKihHJo21",268893,0.677,1,0.871,-7.997,1,0.0281,0.284,3.02e-05,0.405,0.898,98.446
"162","Bad, Bad Leroy Brown","14nBn3kUcfhDnGyKRUrVHr",181160,0.674,7,0.795,-7.461,1,0.0424,0.517,0,0.0673,0.876,147.959
"163","Don't Let The Sun Go Down On Me","11FcfHd3SOmmrWJPGe7Y30",336733,0.424,0,0.446,-8.526,1,0.0261,0.121,1.89e-06,0.0921,0.354,139.701
"164","Sundown","0SjnBEHZVXgCKvOrpvzL2k",213400,0.794,11,0.427,-15.492,1,0.029,0.334,1.04e-05,0.0703,0.751,105.732
"165","Rock the Boat","7fu3Tv5rcoGD1PZV7s57WW",202573,0.597,3,0.581,-9.72,1,0.0449,0.257,0,0.105,0.885,107.202
"166","Tell Me Something Good","1OO2Fp9PsnaayiekeXuGJX",277066,0.657,1,0.546,-9.738,1,0.269,0.616,0,0.226,0.757,73.131
"167","Billy, Don't Be A Hero","2yGQNGWpU6dUgswcPZtEaw",205866,0.71,11,0.691,-10.169,1,0.0408,0.0403,0,0.162,0.963,122.156
"168","Rock Your Baby","0iYtGebtnGzemwehimWusQ",384000,0.595,5,0.824,-9.768,0,0.0315,0.166,0.115,0.0856,0.941,104.484
"169","The Night Chicago Died","0jKSQXR0cjQxIuIZAkrPdH",192146,0.774,0,0.585,-9.679,1,0.036,0.0829,0,0.155,0.662,109.731
"170","Feel Like Makin' Love","7gkboYtvhuXNS4EUwmFPcw",175400,0.681,8,0.264,-21.861,1,0.0309,0.833,0.441,0.103,0.692,93.809
"171","(You're) Having My Baby","5PuAFxKmqG72uKyoo11zpQ",156293,0.596,0,0.589,-8.747,1,0.037,0.551,0,0.0897,0.587,75.288
"172","Annie's Song","5qxFudz7A6PGptviHsz4Yd",178266,0.325,2,0.308,-11.503,1,0.0297,0.92,0.00603,0.441,0.447,147.117
"173","Someone Saved My Life Tonight","3jtrtcE7w0mkskTzapDqn8",405800,0.457,1,0.447,-8.181,1,0.0281,0.382,0,0.23,0.166,129.619
"174","I'm Not In Love","1A6Kwtsg3JWKU2KWM2udpM",368226,0.394,4,0.663,-11.117,1,0.0601,0.678,0.00156,0.212,0.21,133.464
"175","Fallin' in Love (Re-Recorded)","5mxzDQlJlP3etq3vOFXNbY",192386,0.611,8,0.331,-18.131,1,0.0288,0.389,1.8e-06,0.0503,0.758,90.745
"176","Listen To What The Man Said - 1993 Digital Remaster","2Ri2AwoGX3yllyllN5gy9g",241400,0.502,7,0.54,-10.624,1,0.0405,0.0328,4.17e-05,0.277,0.531,113.171
"177","Please Mr. Please","1lL1jDnZTH60djVb6vKIQj",202560,0.463,5,0.453,-13.204,1,0.0371,0.371,0,0.0993,0.561,145.796
"178","The Hustle - Original Mix","75PHqzep3Lf11sIYP5ps5q",250240,0.627,0,0.875,-10.291,1,0.0741,0.232,0.475,0.0759,0.854,110.521
"179","Rhinestone Cowboy","0VwTeYNjcl30DyQlt3GPe0",194453,0.644,0,0.633,-8.006,1,0.0261,0.102,6.82e-05,0.227,0.647,115.193
"180","Jive Talkin' - From ""Saturday Night Fever"" Soundtrack","4t0Pj3iBnSCZv5pDEPNmzG",222266,0.811,7,0.545,-12.969,0,0.0579,0.155,0.0853,0.156,0.734,105.911
"181","Love Will Keep Us Together","4pCNJwixy2ImFncaPY2yE2",205493,0.621,4,0.788,-4.326,1,0.0314,0.354,0,0.305,0.926,129.62
"182","One of These Nights - 2013 Remaster","608xszaAxVh4m7NcKJiAbF",291685,0.655,7,0.606,-10.385,1,0.0285,0.0603,0.0789,0.0757,0.765,110.061
"183","I'd Really Love to See You Tonight","51WE0PFRB0hCSp9mDC5p8u",159106,0.62,5,0.556,-12.044,1,0.0336,0.184,0,0.301,0.592,119.172
"184","(Shake, Shake, Shake) Shake Your Booty - Single Version","3rVmJWpqLf9VlLLEjvuLdk",185933,0.647,10,0.878,-10.773,0,0.034,0.00741,0.187,0.139,0.945,112.118
"185","Silly Love Songs - Remastered 1993","3bC0IKk62yB6TDaratb1s2",352933,0.739,0,0.335,-16.23,1,0.0346,0.184,0.244,0.131,0.818,125.11
"186","Let 'Em In - Remastered 1993","2xAacCD0MW3UBFugKVHbJc",310093,0.754,10,0.368,-15.8,1,0.0506,0.456,0.222,0.0967,0.629,88.062
"187","You'll Never Find Another Love Like Mine","6OylYIXrIH2E3hgg7Dqz5M",266200,0.691,2,0.718,-8.457,1,0.0317,0.148,4.71e-05,0.108,0.934,110.621
"188","Love Is Alive","5vVuiXoHyRGxJeCaHUpgae",230106,0.77,10,0.553,-13.632,1,0.0268,0.0614,0.00106,0.103,0.904,98.346
"189","You Should Be Dancing - Edit / From ""Saturday Night Fever"" Soundtrack","2xiOdusRnZezQok1RgLNeS",256493,0.681,0,0.716,-10.911,1,0.0333,0.0182,0.17,0.337,0.963,123.009
"190","Afternoon Delight","3TQOqBFEKUEab8CO1pi5A8",193040,0.491,5,0.439,-11.67,1,0.0301,0.529,0,0.102,0.808,147.062
"191","Kiss and Say Goodbye","0rHiGIRASJq8snJGFJMpnI",266733,0.645,10,0.42,-10.09,1,0.0624,0.555,0,0.125,0.583,129.084
"192","Don't Go Breaking My Heart","5pKJtX4wBeby9qIfFhyOJj",271133,0.742,5,0.863,-7.823,1,0.038,0.177,5.59e-06,0.0699,0.776,131.193
"193","Do You Wanna Make Love","5Ccx6DcIvnlQicMujqtqBf",211772,0.694,3,0.413,-9.1,1,0.0268,0.348,0,0.124,0.542,109.967
"194","My Heart Belongs to Me","7u2FvRYl39hmNHklBlsjkm",201160,0.274,0,0.209,-15.723,0,0.0328,0.743,6.84e-06,0.183,0.297,139.316
"195","Easy","1JQ6Xm1JrvHfvAqhl5pwaA",256426,0.589,10,0.384,-15.075,0,0.0332,0.112,2.8e-05,0.0596,0.354,132.909
"196","Looks Like We Made It","3QqO9FxVrikwo7kS5ls3kQ",213973,0.297,0,0.481,-7.681,1,0.0278,0.574,0.00352,0.094,0.456,139.896
"197","Undercover Angel - Rerecorded Version","11ZRIthoK7BEIpzzPkO7kc",217440,0.672,5,0.527,-9.94,1,0.0374,0.321,0,0.0756,0.797,103.122
"198","I'm In You","03zB9duFz1JqLxAIYvGdac",250000,0.33,0,0.494,-7.16,1,0.0278,0.147,4.94e-06,0.137,0.143,98.478
"199","Da Doo Ron Ron","0BTjoeNHz0mSjXCZO4hzad",170000,0.567,0,0.585,-11.553,1,0.0363,0.107,0,0.11,0.876,143.555
"200","(Your Love Has Lifted Me) Higher And Higher","1psURAAW0VzbVqwJU3B4gf",242866,0.648,1,0.622,-10.247,1,0.0334,0.0429,0.00833,0.075,0.736,117.563
"201","Best of My Love","2M2WJ7gBlcKNxdhyfPp9zY",220560,0.784,0,0.713,-6.865,1,0.0339,0.447,0.14,0.0904,0.97,115.443
"202","I Just Want To Be Your Everything","2x3V8KW8HLinow69zlvky6",225266,0.652,9,0.647,-7.441,1,0.0341,0.162,2.24e-05,0.227,0.833,97.008
"203","Still The Same","1Ryxsiacu8pUXIMCVnIQ8J",203546,0.709,0,0.767,-6.732,1,0.0283,0.405,0.000172,0.0592,0.557,115.64
"204","Use Ta Be My Girl","2N5pDazd6IHWPCoUSgyWWR",245240,0.559,6,0.505,-11.855,1,0.0566,0.426,0,0.0974,0.81,112.351
"205","Hot Blooded","6xMHglHoafdDFGXS6qfwSH",268693,0.705,0,0.806,-4.83,1,0.0814,0.229,0,0.0676,0.763,117.945
"206","Last Dance - Single Version","4tY01qYozc6db4gihAiIl8",199800,0.529,3,0.722,-10.241,1,0.0682,0.137,0.000479,0.212,0.252,126.356
"207","Boogie Oogie Oogie - Single Version 2 / Remastered 1999","0y0QpmcF1G3F79rjk3fjUx",338133,0.835,2,0.522,-10.828,0,0.0916,0.0991,0.00184,0.111,0.91,123.934
"208","Baker Street","5gOd6zDC8vhlYjqbQdJVWP",365626,0.497,7,0.349,-14,1,0.0297,0.0929,0.028,0.259,0.421,113.762
"209","Miss You - Remastered","3hJLKtTpgct9Y9wKww0BiR",288666,0.795,9,0.71,-4.746,0,0.0392,0.443,0.0215,0.344,0.845,109.689
"210","Grease","74t6ZmO6Vzq553l2zRgdhs",205733,0.821,9,0.365,-12.118,1,0.0676,0.249,0,0.0883,0.85,109.638
"211","Three Times A Lady","6f7obLqToFmQ0pGwZPx526",398773,0.486,8,0.227,-11.818,1,0.0258,0.832,0.000365,0.193,0.0929,74.454
"212","Shadow Dancing","1yDs3PpsmVKQ9NtP9rBYtT",273000,0.746,7,0.593,-9.636,0,0.031,0.139,0,0.0939,0.958,101.905
"213","Gold","5b8uuQcsSo1OCCiuGZLZBQ",257786,0.75,9,0.318,-16.104,0,0.083,0.654,0.183,0.131,0.372,126.929
"214","Boogie Wonderland","6ztstiyZL6FXzh4aG46ZPD",288293,0.802,2,0.756,-10.791,0,0.0349,0.0843,0.00765,0.0521,0.963,131.715
"215","After the Love Has Gone","3cfnGXJ9bmiWvFqEO6ff8B",278040,0.424,6,0.443,-13.45,1,0.0382,0.532,0.000389,0.673,0.391,131.675
"216","Makin' It (Re-Recorded)","035Ag6mdG1EWFZvgdnK8lK",189582,0.882,0,0.562,-7.67,1,0.0368,0.0475,0.374,0.0338,0.926,129.99
"217","The Main Event / Fight","3dfjLEOMYGdsL9qi8JQjRJ",698066,0.722,7,0.711,-13.635,1,0.0377,0.0211,0.000462,0.503,0.759,137.285
"218","My Sharona","1HOMkjp0nHMaTnfAkslCQj",295400,0.586,0,0.7,-9.558,1,0.0363,0.0589,0.00125,0.0318,0.897,147.245
"219","Hot Stuff","2vaHFRlL8eLXKLhZ47CtpO",314760,0.832,0,0.735,-13.937,1,0.0319,0.00635,0.0342,0.0702,0.965,120.455
"220","Good Times","0G3fbPbE1vGeABDEZF0jeG",495400,0.87,2,0.657,-7.32,1,0.0522,0.149,0.0102,0.053,0.893,110.596
"221","Ring My Bell - Short Version","4OxvkxxkLFUjRLzQJUr7lz",230200,0.836,5,0.549,-9.03,0,0.0516,0.0368,0.0603,0.0352,0.965,125.176
"222","Bad Girls","1aqEv6P07HoCrV3Gb6Dp1F",295106,0.874,2,0.678,-14.444,0,0.0387,0.00429,0.00813,0.401,0.971,120.49
"223","Upside Down","3spmBjPY8HCNCR6Y0H7Ahd",244826,0.883,5,0.903,-5.129,0,0.066,0.0768,0.00869,0.021,0.878,107.965
"224","The Rose","562JrM9b7jiu8LgzV62x3o",221373,0.347,0,0.228,-9.667,1,0.0296,0.901,0,0.38,0.184,133.574
"225","Medley: Cupid / I've Loved Your for a Long Time","2TOaW7Hwpt4AYeQUFQ5sJp",334160,0.74,9,0.686,-9.501,1,0.0438,0.199,0,0.205,0.933,123.078
"226","Emotional Rescue - Remastered 2009","5IATbFZds3cbOx8YxuMuko",339400,0.678,5,0.621,-5.478,1,0.0623,0.111,0.0973,0.0394,0.776,113.389
"227","Take Your Time (Do It Right)","3DIe90xqHuUDtyuapTwCAR",460800,0.863,4,0.538,-13.924,0,0.0545,0.0129,0.0188,0.0877,0.877,118.931
"228","Sailing","6Hu6dzwlvoyg3zBUC8k4BK",256146,0.469,2,0.382,-13.203,1,0.0374,0.364,0.00025,0.36,0.178,149.994
"229","Little Jeannie","7pgAdesi3gGZO8lAyzOTvu",317000,0.608,10,0.391,-17.042,1,0.0284,0.554,1.72e-05,0.0891,0.751,143.665
"230","Coming Up [Live at Glasgow, 1979] - 2011 Remaster","3lst4aBBD7wr3pR4hp8cuq",248933,0.578,9,0.751,-7.803,1,0.0366,0.147,0.000499,0.627,0.684,137.023
"231","Magic","56BSwBKWHYldQOgYLHiehs",271666,0.697,2,0.611,-5.997,1,0.0265,0.0178,8.92e-05,0.11,0.603,103.77
"232","It's Still Rock and Roll to Me","64UioB4Nmwgn2f4cbIpAkl",176440,0.752,0,0.684,-7.599,1,0.15,0.0994,0,0.0897,0.539,141.075
"233","All Those Years Ago - 2004 Mix","32fKHW6Eac4yBXn9WY7Aic",227320,0.555,2,0.639,-6.832,1,0.033,0.137,1.99e-05,0.0733,0.518,125.77
"234","Queen Of Hearts","6R6ib5FgDYlG0rPA9c5DVv",205826,0.658,2,0.862,-9.963,1,0.0535,0.211,5.44e-05,0.2,0.969,169.532
"235","Elvira","0mG66FLhO0iZ6XCAGdjpax",225626,0.825,8,0.285,-17.491,1,0.0326,0.188,0.00131,0.0539,0.86,126.946
"236","I Don't Need You - Remastered 2006","6yq2lwMOPYLznyOrJ8JxBc",205821,0.474,1,0.282,-13.653,1,0.0306,0.603,8.78e-06,0.139,0.309,134.952
"237","The One That You Love","3FDAd5vW4P7xe1GBNOLyfD",259000,0.396,5,0.479,-8.072,1,0.0268,0.728,9.51e-06,0.102,0.184,109.973
"238","Slow Hand","3fvDLsiTHPQNgzuMd3Mpb5",231960,0.826,6,0.558,-7.766,1,0.0322,0.403,1.94e-05,0.0631,0.359,110.77
"239","Believe It or Not (Theme from ""Greatest American Hero"")","375ntCG12wzCyfzclwYFwG",195293,0.521,2,0.743,-5.903,1,0.0338,0.249,0,0.096,0.451,117.129
"240","Endless Love","4lxURgzko5Jizais6YqF3p",266360,0.479,10,0.293,-11.562,1,0.0249,0.597,0.00208,0.144,0.175,93.645
"241","Bette Davis Eyes","0odIT9B9BvOCnXfS0e4lB5",228000,0.675,5,0.649,-10.271,1,0.0319,0.0204,0,0.0959,0.596,116.624
"242","Jessie's Girl","5RsUlxLto4NZbhJpqJbHfN",194120,0.727,2,0.832,-5.851,1,0.05,0.164,0,0.105,0.822,131.703
"243","Keep the Fire Burnin'","07wMk0CZVZRMqhF66r40Z8",234893,0.445,0,0.818,-9.797,1,0.0406,0.15,0.00509,0.313,0.777,104.531
"244","Let It Whip","3h5IJ0EzVpkiaoL174GC3M",287000,0.826,9,0.9,-4.383,0,0.0411,0.112,0.00136,0.0875,0.954,132.099
"245","Even the Nights Are Better","09bRmFRViBORKQ2miwp04P",237106,0.434,5,0.507,-10.422,1,0.0358,0.565,0,0.161,0.236,115.309
"246","Rosanna","37BTh5g05cxBIRYMbw8g2T",331200,0.384,7,0.512,-13.035,0,0.0358,0.0213,0.000139,0.205,0.739,78.442
"247","Hard to Say I'm Sorry / Get Away - 2006 Remaster","07TnWCHrFkvF61GzJuLVt0",304134,0.398,4,0.57,-7.068,1,0.034,0.056,0.00125,0.0606,0.234,140.974
"248","Don't You Want Me","3L7RtEcu1Hw3OXrpnthngx",236920,0.731,9,0.738,-8.125,0,0.0377,0.184,0,0.214,0.958,117.656
"249","Hold Me - 2016 Remaster","2zYCip88nwoF96SC7WEjJm",225034,0.699,3,0.741,-8.488,1,0.0329,0.337,0.108,0.065,0.864,125.698
"250","Abracadabra","2E2ZVy2fxslpAUgbb4zu84",308373,0.791,9,0.535,-13.261,0,0.0355,0.0749,1.96e-06,0.156,0.963,127.488
"251","Hurts So Good","67eX1ovaHyVPUinMHeUtIM",218960,0.785,9,0.737,-5.306,1,0.0363,0.042,0.000107,0.108,0.971,125.447
"252","Eye of the Tiger","2HHtWyy5CgaQbC7XSoOb0e",243773,0.815,0,0.438,-14.522,0,0.0346,0.216,0.000466,0.0787,0.552,108.965
"253","Wanna Be Startin' Somethin'","1hu2s7qkm5bo03eODpRQO3",363400,0.842,9,0.872,-8.234,1,0.0455,0.0259,0.419,0.0573,0.906,122.111
"254","Stand Back - 2016 Remaster","48RJAYTcIXuBPg55EzbaEq",291093,0.684,11,0.848,-7.908,0,0.0524,0.109,0.000953,0.114,0.653,116.027
"255","Is There Something I Should Know?","0lJK5ZmN9K4IaEi6QHj5W8",249666,0.57,7,0.967,-4.956,1,0.076,0.0218,6.44e-06,0.285,0.776,124.856
"256","Never Gonna Let You Go","5u8bqfaYSh0qVTsgslPknf",255600,0.639,7,0.403,-12.401,1,0.0349,0.567,0,0.67,0.324,132.56
"257","She Works Hard For The Money","3FlOciKDqFlTMPeC7t92Qy",320840,0.758,8,0.638,-13.01,0,0.0378,0.00486,0.0141,0.0938,0.984,136.502
"258","Electric Avenue","2I3W3rHK9LXokWI2HrDT4H",224920,0.966,2,0.5,-7.692,1,0.179,0.192,0.000305,0.0675,0.799,121.996
"259","Maniac","3krYebqW8kK4xgG8vtTD3T",257933,0.611,3,0.704,-6.708,0,0.049,0.0553,0,0.0694,0.731,156.69
"260","Sweet Dreams (Are Made of This) - Remastered","1TfqLAPs4K3s2rJMoCokcS",216933,0.692,0,0.711,-7.498,0,0.0317,0.225,0,0.12,0.875,125.135
"261","Flashdance...What a Feeling - Radio Edit","3cbV252akVZInSvJk7jAYX",237053,0.572,7,0.654,-7.027,0,0.0344,0.0058,3.21e-06,0.09,0.399,122.491
"262","Every Breath You Take - Remastered 2003","2sXp9Qmvc7mRaDBjBgcGGi",253886,0.813,1,0.46,-9.78,1,0.0346,0.56,0.0105,0.0724,0.729,117.387
"263","Missing You","1Qrdlkgg9I4J7r3P4kZNwr",269760,0.552,11,0.552,-9.736,0,0.0364,0.052,0,0.046,0.593,208.571
"264","Eyes Without A Face","0pUVeEgZuNyFzIMKp67RbS",299240,0.391,9,0.815,-6.197,1,0.0518,0.0177,0.00226,0.276,0.647,84.383
"265","State of Shock","1sLTxLJzyoBJiPzv420KAx",271000,0.98,8,0.846,-7.696,0,0.139,0.283,0.149,0.052,0.891,121.562
"266","The Reflex","3gsIAou7LjiL3ayF9dR46V",266933,0.556,0,0.9,-6.11,1,0.097,0.123,0,0.571,0.804,126.686
"267","Jump (For My Love)","3L9ClO1W5KmebIXTrlKShF",267226,0.842,10,0.697,-13.796,0,0.0654,0.161,0.000101,0.583,0.916,134.533
"268","Stuck On You","0ROwoz82DIW4tOzkxYnSjf",195133,0.522,5,0.346,-15.462,1,0.0297,0.258,0,0.114,0.27,131.692
"269","Dancing In the Dark","7FwBtcecmlpc1sLySPXeGE",241306,0.527,1,0.942,-5.64,0,0.0366,0.0115,0,0.188,0.495,148.723
"270","What's Love Got to Do with It","6FcQD1qOpqV8NdhY45sKyI",226880,0.851,1,0.406,-11.631,1,0.0662,0.219,6.79e-06,0.0853,0.793,97.84
"271","Ghostbusters","6QGI6v91UlqSytTDVKZIUP",245600,0.787,6,0.588,-14.228,0,0.0355,0.0192,0.0205,0.347,0.803,115.513
"272","When Doves Cry","51H2y6YrNNXcy3dfc3qSbA",352906,0.729,9,0.989,-4.613,0,0.049,0.0102,4.45e-05,0.443,0.84,126.47
"273","Freeway Of Love","5VsAiXtW0ApEaGsZypEUxL",351266,0.693,2,0.839,-9.634,1,0.0526,0.282,3.83e-06,0.0338,0.849,126.165
"274","Never Surrender","5U5p472hgeXUKvh0d8RL4K",295000,0.552,2,0.538,-11.085,1,0.0344,0.516,0,0.202,0.401,104.131
"275","Raspberry Beret","5jSz894ljfWE0IcHBSM39i",215173,0.761,2,0.67,-12.759,1,0.0438,0.21,0.000426,0.0685,0.91,120.752
"276","If You Love Somebody Set Them Free","5Xhqe9xu6bKRSqLj1mS1SB",256226,0.627,9,0.849,-10.61,0,0.0309,0.137,0,0.319,0.817,125.058
"277","St. Elmos Fire (Man in Motion)","1A2PWRltFrX8iB8IP3CUgo",251800,0.612,9,0.6,-10.945,1,0.0327,0.15,3.04e-06,0.222,0.471,111.203
"278","Sussudio - 2016 Remaster","4qM461TqtpnP4GLRIXwEnW",263106,0.714,5,0.935,-5.195,1,0.0849,0.0529,0.0934,0.0515,0.725,121.232
"279","A View to a Kill","6I4snLrVOrJsLdd43isc27",217693,0.706,1,0.814,-5.405,1,0.0569,0.0159,0,0.262,0.778,125.472
"280","The Power Of Love","2olVm1lHicpveMAo4AUDRB",234333,0.768,5,0.829,-5.109,1,0.0313,0.0964,2.92e-05,0.097,0.962,118.773
"281","Every Time You Go Away","3ZI3sK9ZJB3LOiZtCs9l3p",324346,0.608,5,0.604,-12.285,1,0.0433,0.169,0.000133,0.106,0.673,164.254
"282","Shout","2gQaQUhDCNGfBVXTvxAmXQ",393666,0.511,0,0.942,-10.407,1,0.0429,0.174,1.87e-05,0.139,0.498,97.909
"283","Danger Zone - From ""Top Gun"" Original Soundtrack","3hMHG6lx9QHVcfYSUr5PoM",216346,0.552,3,0.871,-7.251,0,0.0369,0.154,1.12e-06,0.142,0.737,156.786
"284","Mad About You","05XkaRvGIt5LtllUuhMAKA",217573,0.574,9,0.728,-7.267,1,0.0377,0.000924,0.00237,0.0751,0.373,143.885
"285","Holding Back the Years","0rfjkUk2KGZsOhDAhFbZtw",266333,0.673,9,0.507,-9.882,0,0.0293,0.47,0.000205,0.128,0.574,86.105
"286","Venus","0RgLPN21aV1Ps39Tyb7268",229164,0.722,9,0.961,-4.812,1,0.0514,0.0883,0.61,0.278,0.91,126.113
"287","There'll Be Sad Songs (To Make You Cry)","1mP8BJQBRZWjSQLVmxQEyG",292680,0.563,0,0.458,-7.673,1,0.0305,0.748,0,0.103,0.259,79.738
"288","Higher Love - Full Album Version","1vhNjOtmfgoGy4J6ijCUSS",351506,0.702,5,0.779,-12.267,1,0.0412,0.0561,0.0905,0.303,0.949,98.7
"289","Invisible Touch","5U2Rh2FbVEHN3YSizwQwJM",208213,0.685,0,0.931,-2.746,1,0.0298,0.284,0.00158,0.124,0.834,131.053
"290","Sledgehammer","1c8WEtfFvDfvSI5yIvZUfz",312693,0.641,8,0.667,-7.349,1,0.0376,0.0436,0,0.0363,0.446,96.35
"291","Glory of Love","1eyq8cjUQ2daFthW2PC2GM",258120,0.518,5,0.585,-8.485,1,0.0279,0.0778,2.43e-06,0.31,0.312,144.998
"292","Papa Don't Preach","6A8OnjnpShshNpcqWtZRjr",345280,0.807,5,0.906,-8.973,0,0.0371,0.311,0.000791,0.0248,0.971,121.54
"293","Luka","5yMXAaSvxo12QkYU75Ixv0",231933,0.63,6,0.697,-10.654,1,0.0311,0.189,0.000258,0.116,0.796,124.956
"294","Heart And Soul","5kv4uJENk4nWUIzgYoz7SI",256373,0.457,5,0.667,-8.723,1,0.0361,0.405,0,0.092,0.6,179.853
"295","Only in My Dreams","03i9ehMBCqbxKw7wwEycFZ",233400,0.612,8,0.796,-10.885,1,0.0395,0.124,0.00477,0.0888,0.895,124.854
"296","Who's That Girl","3G0NNqwQ1sqRpySr6soHlH",239173,0.625,9,0.646,-13.592,0,0.0389,0.214,0.0533,0.0525,0.826,103.893
"297","I Want Your Sex - Pts. 1 & 2 Remastered","6QnFHieoch6U9J8zfv6hml",557293,0.812,10,0.6,-13.418,0,0.0538,0.00509,0.0248,0.0465,0.8,99.189
"298","La Bamba","0uMMLry3hzWGn3q3loqMkm",174186,0.506,0,0.764,-12.239,1,0.046,0.144,0.00025,0.247,0.868,156.336
"299","Shakedown - Remastered","4iBNp6Z4LzxZ7RJ5eMfPWZ",240973,0.571,2,0.938,-6.425,1,0.0667,0.0391,1.85e-06,0.332,0.508,170.677
"300","I Still Haven't Found What I'm Looking For - Remastered 2007","3MRQ3CSjoiV1HFil8ykM9M",277480,0.565,1,0.764,-9.43,1,0.0351,0.0139,0.00488,0.079,0.686,100.891
"301","I Wanna Dance with Somebody (Who Loves Me)","2tUBqZG2AbRi7Q0BIrVrEj",291293,0.709,1,0.824,-8.824,1,0.0453,0.207,0.000307,0.0888,0.867,118.814
"302","Alone","54b8qPFqYqIndfdxiLApea",218733,0.418,1,0.452,-13.099,1,0.0356,0.638,0.00026,0.0959,0.168,175.088
"303","I Don't Wanna Live Without Your Love","4l5VSAoqOJ5ooDZ3CJfF5U",237200,0.432,0,0.669,-5.46,1,0.0398,0.173,9.69e-05,0.089,0.152,145.725
"304","I Don't Wanna Go On With You Like That","2Gd10PZnMktt3Cgo9s6yi0",275373,0.643,9,0.89,-8.359,0,0.0325,0.042,0.00102,0.03,0.965,134.9
"305","Make Me Lose Control","2cJ32oKOM4socjP9DE6jhU",285946,0.724,4,0.619,-9.074,1,0.0242,0.0728,0,0.205,0.746,109.029
"306","Sweet Child O' Mine","4MhTFsyqIJnjsOweVcU8ug",356400,0.449,6,0.901,-7.711,1,0.0526,0.141,0.0675,0.128,0.696,125.148
"307","Hands To Heaven","0LBtQiEVfP4ysLQ43Do8uN",259506,0.543,8,0.384,-15.018,1,0.0307,0.242,1.16e-06,0.266,0.407,128.768
"308","Pour Some Sugar On Me (2012)","0LN0ASTtcGIbNTnjSHG6eO",261532,0.497,9,0.849,-5.352,1,0.0612,0.00985,0,0.106,0.72,169.937
"309","Hold On To The Nights","3F2YXxSOC9dPmxXdrh6mYl",316040,0.353,0,0.207,-14.718,0,0.0306,0.656,0,0.0874,0.184,144.539
"310","Monkey - Remastered","2cW6n6IWegwwLhsgL6FmUD",306120,0.683,1,0.879,-9.487,0,0.0459,0.0955,0.0828,0.448,0.702,97.062
"311","The Flame","528CAH5pTLq86oZ52fHifA",338800,0.629,4,0.581,-11.856,1,0.027,0.513,2.06e-06,0.0755,0.359,97.074
"312","Roll With It","2QlPByrmEO9XciNBXCrawR",320733,0.759,0,0.645,-13.352,1,0.0276,0.07,0.0403,0.0986,0.954,117.254
"313","So Alive","6amZm52SfS7d6oCEu9NDMl",257826,0.7,10,0.569,-13.991,1,0.0298,0.00545,0.208,0.147,0.924,118.829
"314","Good Thing","76ZnyGfjQZSM8GPfR7OqiJ",201866,0.747,9,0.586,-10.119,0,0.0299,0.0708,8e-05,0.0427,0.893,164.718
"315","Baby Don't Forget My Number","3t4EJY6cTsb6FyP1EQzajK",249640,0.851,6,0.649,-12.877,0,0.0748,0.00543,0.0029,0.156,0.846,100.302
"316","Don't Wanna Lose You","4tEpvocDTdNVR9DYxnJTFy",250066,0.545,5,0.356,-14.127,1,0.0245,0.413,1.56e-06,0.128,0.465,82.214
"317","On Our Own","3ojDU1HhKEfdExIN6QsK8q",294413,0.659,2,0.899,-6.207,1,0.0423,0.0035,0,0.0629,0.562,101.802
"318","If You Don't Know Me by Now - 2008 Remaster","7DFawVSjI88xR9mjnWwURg",204000,0.638,10,0.352,-9.266,1,0.0268,0.492,0,0.105,0.204,94.173
"319","Batdance","4DbUk1qwcz9KKcUY4t8f8u",373733,0.594,1,0.702,-9.894,1,0.0842,0.168,0.109,0.142,0.466,135.406
"320","Cold Hearted","6jrp8qBMJO6vhAeYVAsdk9",231400,0.879,7,0.679,-8.59,0,0.0421,0.149,0.00871,0.0787,0.724,122.38
"321","Toy Soldiers","6YHpaawV0C88rwt2bQE6jV",287533,0.522,1,0.441,-11.703,0,0.028,0.416,0,0.22,0.199,130.133
"322","Right Here Waiting","4LFwNJWoj74Yd71fIr1W8x",264333,0.395,0,0.252,-13.589,1,0.0301,0.8,0,0.101,0.126,177.679
"323","Unskinny Bop","1Z6lKdYhwp8WYoBqGCKxlM",228066,0.574,1,0.93,-2.949,1,0.0413,0.0657,7.78e-06,0.108,0.69,92.303
"324","Rub You The Right Way","40xz60ciGIpsRtDqRfPKBE",332306,0.66,10,0.873,-6.952,1,0.0461,0.0152,0.00324,0.331,0.864,111.872
"325","The Power","04Mh4OWSBUBn5Vpna4DXrA",344306,0.752,1,0.729,-15.565,1,0.0443,0.0814,0.34,0.861,0.572,108.91
"326","It Must Have Been Love - From the Film ""Pretty Woman""","6kvoHl80mfCVTv7XnZkjQn",258786,0.52,5,0.652,-6.655,1,0.0274,0.34,5.49e-05,0.256,0.722,80.609
"327","Hold On","3ZqjDpr3qCZnZBPcd0Hpj2",304466,0.728,1,0.464,-11.156,1,0.0605,0.0865,0,0.343,0.383,96.944
"328","If Wishes Came True","5gAdATsfINRIljv4LbrKX2",315160,0.493,3,0.453,-10.878,1,0.0248,0.0944,0.00467,0.1,0.188,143.725
"329","Step by Step","6J6RWKCPN5RFKHUKEUFjxS",267293,0.787,0,0.63,-12.295,1,0.0609,0.0274,6.69e-06,0.161,0.882,125.347
"330","Cradle Of Love","5TSANSqPTD6nBG0NSJWmVB",281466,0.612,3,0.942,-4.588,1,0.0399,0.0163,3.9e-06,0.0909,0.622,144.038
"331","She Ain't Worth It","2d1RPaZmz5fTUGK3ughMo7",218840,0.782,1,0.881,-7.763,1,0.064,0.0418,0,0.125,0.909,102.491
"332","Vision of Love","0gLQ6jhJsyYfl7PrD1RZ7X",209293,0.256,5,0.463,-10.959,1,0.0382,0.442,0,0.121,0.354,205.362
"333","Fading Like A Flower (Every Time You Leave)","3Ix73U8F081pUxdIsFPMTy",230680,0.609,0,0.668,-5.738,1,0.026,0.195,0,0.219,0.319,105.419
"334","I Wanna Sex You Up - Single Mix","1kPBHRXyXdrtYfUfeRwBko",236946,0.551,6,0.591,-8.404,0,0.12,0.00549,6.55e-06,0.0416,0.474,201.799
"335","Summertime","20XdEFyaUR9C7aDIdq2OAd",270973,0.677,7,0.54,-14.439,1,0.0627,0.0455,1.84e-06,0.845,0.469,95.116
"336","It Ain't Over 'Til It's Over","6VnpKLtfNH4Dk09YSGPSyR",242640,0.679,6,0.568,-10.74,1,0.0423,0.422,0.00928,0.322,0.93,159.69
"337","Every Heartbeat","55lX3vm1G35mUpawXHK5Te",213733,0.648,2,0.89,-3.834,1,0.0429,0.288,0,0.119,0.808,126.956
"338","Right Here Right Now","3fcGGP62sllcNEhuFJVYeC",189293,0.657,2,0.608,-13.565,1,0.0287,0.0088,3.45e-06,0.103,0.723,106.862
"339","Unbelievable","5VYTKiOnHw4iTrB9pG3yum",209813,0.637,1,0.849,-6.855,1,0.0362,0.000341,0.0386,0.141,0.936,104.074
"340","Rush Rush","015qd1I4v00JIoK7yOUgKC",292933,0.706,4,0.44,-11.577,1,0.0493,0.763,0,0.0958,0.395,90.012
"341","(Everything I Do) I Do It For You","6eBK3edMW7bEzecF1eCezc",394133,0.526,1,0.365,-12.605,1,0.028,0.0775,1.35e-05,0.0618,0.253,131.253
"342","Life Is A Highway","0hKF8N8aflF1uDzEEnPr2j",266560,0.683,5,0.751,-10.184,1,0.0346,0.0681,8.36e-06,0.248,0.841,103.036
"343","November Rain","3YRCqOhFifThpSRFJ1VWFM",536066,0.294,11,0.641,-9.316,1,0.0291,0.0163,0.22,0.112,0.226,79.759
"344","Under the Bridge","5PclxRY6shIQzSKxxbdZso",264306,0.559,4,0.345,-13.496,1,0.0459,0.0576,0.000105,0.141,0.458,84.581
"345","This Used to Be My Playground","637V2ymBt4Ljlbz4EmRys8",310266,0.499,7,0.308,-11.692,0,0.0264,0.754,0.000928,0.125,0.0708,75.91
"346","Achy Breaky Heart","2EoIt9vdgFRNW03u5IvFsQ",203373,0.8,9,0.563,-10.209,1,0.0303,0.051,0,0.0797,0.961,121.808
"347","Just Another Day","5AoBNJQDXXEnIJGjJjZu3y",327426,0.717,1,0.642,-10.727,1,0.0287,0.0194,0.000249,0.043,0.732,105.894
"348","I'll Be There (feat. Trey Lorenz) - Live at MTV Unplugged, Kaufman Astoria Studios, New York - March 1992","2exGHTlYAUQ5UX4e7Uqc79",282373,0.404,5,0.498,-9.855,1,0.0338,0.687,0,0.725,0.284,81.951
"349","Baby-Baby-Baby","1zTuB57LYZa7xu7KUH8kF0",315040,0.679,11,0.597,-8.601,0,0.0439,0.0913,0.000673,0.0487,0.9,184.174
"350","End Of The Road","3l3xTXsUXeWlkPqzMs7mPD",351466,0.64,5,0.427,-9.29,0,0.0241,0.0664,0,0.0579,0.529,149.703
"351","Baby Got Back","4vvOv6MDFFPpEb1gwwb2ZD",262826,0.937,8,0.654,-11.187,1,0.322,0.00533,1.26e-06,0.0542,0.607,128.462
"352","If I Had No Loot","5oPRLER8bCQN3RFFVvLbTC",241466,0.873,11,0.721,-9.774,0,0.0448,0.113,0,0.27,0.81,106.725
"353","Show Me Love","4t0UsYzmmmZRMTWn77jiGF",252106,0.811,5,0.833,-4.259,1,0.153,0.014,2.06e-05,0.0769,0.567,120.258
"354","Knockin' da Boots","6x53SJOV1PAZ8ZUwH4NFXQ",330945,0.726,1,0.501,-13.884,0,0.154,0.155,0,0.0893,0.582,128.099
"355","Slam","0W2mz7mvaBaEsC4rmoRNPn",218333,0.876,11,0.71,-12.908,1,0.347,0.0654,0.00312,0.918,0.724,98.305
"356","I'm Gonna Be (500 Miles)","67iAlVNDDdddxqSD2EZhFs",219466,0.851,4,0.551,-5.177,1,0.0396,0.151,0,0.0827,0.807,131.922
"357","Lately","5hIljtQ1fRvDRc1aHdhwWK",373626,0.377,1,0.315,-12.641,1,0.0619,0.631,0,0.946,0.27,126.168
"358","That's The Way Love Goes","29rQJydAlO0uMyWvRIZxQg",265106,0.703,5,0.7,-6.789,1,0.0693,0.302,0.471,0.0718,0.582,97.675
"359","Weak","71EHOyEOhNx1SzTebRRyng",291906,0.693,2,0.533,-10.954,0,0.0402,0.107,0,0.0695,0.568,127.661
"360","Whoomp! (There It Is)","4utp1jggcXcMzdPBTbnCA3",225266,0.798,4,0.649,-7.392,0,0.0411,0.00138,0,0.0792,0.433,129.422
"361","(I Can't Help) Falling In Love With You","7ojJ4XvqBhBcteM0zjMebT",207440,0.642,2,0.722,-13.031,1,0.0375,0.0444,0.00388,0.122,0.836,172.406
"362","Back & Forth","45wneA2j0Z0WMnYNDO6Ad0",231093,0.706,5,0.727,-8.06,1,0.0317,0.0698,5.31e-06,0.115,0.903,92.938
"363","I'll Make Love To You","61sQYdFNS6sEBYCyr1q5gn",236773,0.567,2,0.501,-8.038,1,0.0241,0.0995,0,0.0986,0.2,142.589
"364","Wild Night","6opIwpImZYdxNgG4wpDxED",207506,0.665,7,0.888,-4.433,1,0.0552,0.0695,0.00147,0.104,0.951,144.339
"365","Any Time, Any Place","2yOm4lN7aTygtXanJFNFWU",428200,0.571,10,0.232,-11.309,1,0.0699,0.604,0.000246,0.119,0.207,128.785
"366","Regulate","7nYvUtkQMx1v80S2FH2s9J",248866,0.849,11,0.521,-12.999,0,0.216,0.304,1.65e-06,0.115,0.763,95.265
"367","Can You Feel the Love Tonight","0EANX0OVKSCcmarY50Xa4p",241013,0.309,10,0.181,-17.022,1,0.0337,0.87,0.000279,0.118,0.146,124.711
"368","Fantastic Voyage","1VvsWao3Tx3QjkWgr6sTaO",241480,0.889,4,0.768,-9.148,0,0.131,0.128,0,0.0769,0.808,104.653
"369","Don't Turn Around","4SYMibQ93bfzOk6uzkF0dO",230186,0.745,4,0.771,-8.231,0,0.0755,0.00104,0.387,0.0574,0.752,95.623
"370","Stay","7Lwo27zrXusqUlAaTgnytp",183760,0.676,1,0.592,-6.887,1,0.0452,0.454,0,0.107,0.337,80.316
"371","I Swear","4WUnM4KNZ0kjp0CUeoyOnS",259853,0.532,6,0.407,-9.658,0,0.0233,0.235,0,0.117,0.23,83.207
"372","Run-Around","500Tkm3vJmVtdUwdCVxCTb",279800,0.629,7,0.867,-7.307,1,0.0603,0.0865,0,0.126,0.876,151.695
"373","Have You Ever Really Loved A Woman?","32Gf5A7Hr8RdgggXG0Fdks",291666,0.57,7,0.478,-10.185,1,0.0322,0.536,1.33e-05,0.0931,0.358,145.517
"374","Total Eclipse of the Heart","1JhP5jEC8NLDcSNjJWCAem",235159,0.603,7,0.789,-8.939,1,0.0285,0.00682,0,0.11,0.486,136.049
"375","Water Runs Dry","7yhmvQh1JOzbNiNFQo4Tfc",201400,0.589,0,0.368,-12.979,1,0.0264,0.475,0,0.108,0.523,89.626
"376","Boombastic","4fxF8ljwryMZX5c9EKrLFE",249933,0.866,2,0.538,-16.183,1,0.36,0.242,1.67e-05,0.316,0.78,158.323
"377","In The Summertime","726KAdf3k8Ce8W95O38XNI",238360,0.733,1,0.684,-13.822,1,0.227,0.253,0,0.0497,0.962,173.61
"378","I Can Love You Like That","70d8omRI2p7qesFOiy55Ro",257959,0.635,8,0.712,-4.998,1,0.0283,0.0811,0,0.322,0.423,91.024
"379","Kiss from a Rose","3YKptz29AsOlm7WAVnztBh",288426,0.583,10,0.532,-7.11,0,0.0309,0.684,0,0.306,0.223,131.741
"380","One More Chance / Stay with Me - Radio Edit; 2014 Remaster","1nU9Fn9kh4pQ9zSghlh1Ka",255626,0.77,0,0.693,-5.632,1,0.251,0.112,1.26e-05,0.0993,0.627,92.202
"381","Don't Take It Personal (Just One of Dem Days)","0JCAezTC5IlK1a9o0YBEsD",258466,0.731,8,0.355,-12.741,1,0.0603,0.00864,5.14e-05,0.0579,0.529,175.72
"382","Waterfalls","6qspW4YKycviDFjHBOaqUY",279506,0.77,1,0.505,-7.345,1,0.0828,0.311,7.4e-05,0.0777,0.757,171.798
"383","Because You Loved Me (Theme from ""Up Close and Personal"")","1NOeZ7ZIVKMebuza26rofd",273666,0.614,1,0.466,-9.881,1,0.0327,0.314,0,0.099,0.178,119.916
"384","Always Be My Baby","2aBxt229cbLDOvtL7Xbb9x",258133,0.649,4,0.531,-8.335,1,0.0363,0.457,0,0.249,0.488,78.946
"385","I Love You Always Forever","1PEqh7awkpuepLBSq8ZwqD",239960,0.744,5,0.453,-11.977,1,0.0348,0.627,0.421,0.0898,0.122,103.773
"386","C'mon N' Ride It (The Train)","2QLEN3RVunMas7j0PHjeAT",451440,0.843,6,0.959,-4.933,0,0.0914,0.0913,0,0.408,0.923,135.988
"387","Twisted","69QIVIjPMnI1ABLBqh9P1b",260666,0.615,11,0.514,-9.759,1,0.0466,0.393,0,0.248,0.822,175.849
"388","How Do U Want It","1ZB2zIoc8AjSuyqKRcJgbO",287760,0.828,8,0.81,-2.151,1,0.101,0.121,3.02e-06,0.0495,0.838,92.46
"389","California Love - Original Version","3ia3dJETSOllPsv3LJkE35",284906,0.763,7,0.85,-3.052,1,0.0417,0.0304,1.21e-06,0.371,0.761,91.519
"390","Tha Crossroads","5KSJ9k1FYjFLnIRlJT2wF8",223546,0.679,4,0.509,-7.31,1,0.0617,0.0856,0,0.438,0.534,144.29
"391","Give Me One Reason","4vDBJeeQCbhP9FaPPMsYkY",268333,0.608,11,0.419,-10.016,1,0.0331,0.602,7.58e-06,0.108,0.602,100.22
"392","You're Makin' Me High","5bJ796cOnGBzSN5bm4mwMj",267440,0.852,10,0.563,-8.663,0,0.0377,0.0117,1.96e-05,0.119,0.893,92.112
"393","Let It Flow - from ""Waiting to Exhale"" Original Soundtrack","2HCnOSo5WFKJXdvU8IDNZe",262373,0.66,0,0.489,-7.618,1,0.0389,0.507,0,0.0837,0.675,168.171
"394","Macarena - Bayside Boys Remix","7obdw7ZGr6l1GqSBkFiY11",252133,0.741,1,0.868,-8.589,1,0.0527,0.249,2.19e-06,0.0945,0.947,103.201
"395","Look into My Eyes","4ISp82TYvp9G3HTA2dPzQu",259800,0.775,10,0.598,-5.898,0,0.0597,0.0468,0.000125,0.14,0.597,144.043
"396","Do You Know (What It Takes)","0idCpkJ2pspfAILbanmERu",221293,0.635,3,0.74,-4.439,0,0.0355,0.00465,0.0152,0.129,0.857,200.102
"397","Mo Money Mo Problems (feat. Puff Daddy & Mase) - 2014 Remaster","4INDiWSKvqSKDEu7mh8HFz",257399,0.845,6,0.884,-4.506,0,0.0759,0.0128,2.1e-06,0.203,0.904,104.536
"398","Say You'll Be There","1yTQ39my3MoNROlFw3RDNy",235973,0.726,1,0.679,-6.219,1,0.0473,0.0149,1.49e-06,0.0837,0.751,107.02
"399","Semi-Charmed Life","42et6fnHCw1HIPSrdPprMl",268360,0.64,7,0.864,-6.576,1,0.0315,0.00832,0,0.123,0.7,102.026
"400","Return of the Mack","3jDdpx9PMlfMBS5tOBHFm9",213093,0.715,2,0.833,-5.379,1,0.108,0.00631,0,0.164,0.612,95.487
"401","Quit Playing Games (With My Heart)","1nRwyxNsqCLeA17qR8Nfxx",233533,0.8,11,0.875,-4.952,0,0.0338,0.0615,2.79e-06,0.13,0.882,100.033
"402","MMMBop","0lnxrQAd9ZxbhBBe7d8FO8",268653,0.683,9,0.937,-6.335,1,0.0449,0.00481,0.0046,0.07,0.619,104.872
"403","Bitch","3i6qNxyVgIdUZTTi5m25EM",252760,0.617,9,0.886,-5.953,1,0.055,0.0112,9.63e-05,0.0523,0.629,96.328
"404","I'll Be Missing You (feat. Faith Evans & 112)","5fii2C2yImI0KvaAZZDKrC",344813,0.709,0,0.347,-9.055,1,0.0676,0.548,0.00263,0.121,0.37,109.882
"405","All My Life","5GorFaKkP2mLREQvhSblIg",331240,0.629,1,0.511,-8.651,1,0.0326,0.114,3.91e-06,0.0588,0.181,128.038
"406","Crush","6YXWauQKn5nQVhcC4KVplQ",199960,0.733,1,0.706,-5.652,0,0.0292,0.0262,0,0.0881,0.598,115.04
"407","Make It Hot (feat. Missy Elliott & Mocha)","74nsOZqzZzyvFVvBy12I7Y",267093,0.76,7,0.458,-8.834,1,0.19,0.376,0.000229,0.143,0.581,84.08
"408","My All","3RSpK5Y0y5tl25qvssrwJ6",230933,0.4,7,0.317,-10.249,0,0.0317,0.732,5.03e-05,0.086,0.108,107.845
"409","Adia","0rl84FuazRHYmK72krdmA1",244666,0.526,3,0.37,-10.535,1,0.025,0.722,0,0.157,0.251,76.002
"410","My Way","5PIveStlGgjVL54GpVcqxr",214853,0.815,5,0.521,-8.178,0,0.136,0.0105,0,0.0509,0.887,90.079
"411","Too Close - Radio Edit","1kPYM6UNwZUYVvfwk8Jkg0",259399,0.847,7,0.402,-9.841,1,0.0647,0.0116,0,0.23,0.754,99.684
"412","You're Still The One","7wCH9DbgRs7ujHeqNy6oAS",212560,0.551,3,0.527,-7.119,1,0.0302,0.45,0,0.0867,0.642,133.758
"413","The Boy Is Mine","6sHsXIJoEN5JpdkGMQDJxt",294786,0.704,1,0.707,-6.537,0,0.0391,0.539,0.00106,0.318,0.761,93.145
"414","Tell Me It's Real","6Bd9hh3O9DMjm8hws64D0z",278600,0.687,3,0.532,-6.763,1,0.0338,0.214,0,0.124,0.582,134.283
"415","It's Not Right But It's Okay","7861kBrZ5aw7o4NfggcyYW",292400,0.806,1,0.802,-7.076,1,0.102,0.162,0.000885,0.0698,0.529,127.931
"416","Wild Wild West - Album Version - No Intro","78ZzF9pK3foniEnK64XzX5",245533,0.846,10,0.659,-6.888,0,0.0809,0.0615,0,0.297,0.622,107.014
"417","All Star","3cfOd4CMv2snFaKAnMdnvK",200373,0.731,11,0.867,-5.881,1,0.032,0.0395,0,0.0861,0.776,104.019
"418","Where My Girls At","4VSyH8AkIt3kaR5xIPFVVi",166693,0.705,4,0.725,-7.435,1,0.0506,0.0352,0.0149,0.194,0.76,92.186
"419","I Want It That Way","47BBI51FKFwOMlIiX6m8ya",213306,0.689,6,0.694,-5.83,0,0.027,0.257,0,0.148,0.482,99.039
"420","Last Kiss","0QnONzv3TvHAWk294h6DaQ",195466,0.622,7,0.692,-6.97,1,0.0276,0.363,0.000158,0.193,0.774,112.053
"421","Bills, Bills, Bills","1Oi2zpmL81Q0yScF1zxaC0",256026,0.845,11,0.576,-5.15,0,0.153,0.139,0,0.0764,0.461,127.641
"422","If You Had My Love","3x4yV0hW5Ve3TKhFkXSqFn",266000,0.68,11,0.625,-7,0,0.0353,0.0645,5.81e-05,0.109,0.814,94.02
"423","Genie in a Bottle","6onLnWywmbSnXDFPVY1mM6",217133,0.633,1,0.792,-6.968,1,0.149,0.185,0.000185,0.152,0.918,175.795
"424","Absolutely (Story of a Girl) - Radio Mix","3mNecsYFb6LQg7822DPXCP",189333,0.481,7,0.94,-5.204,1,0.066,0.000891,0,0.0939,0.66,96.493
"425","Incomplete","3w8Mw9GHYepoTWOSdiyosj",274226,0.746,1,0.443,-7.693,0,0.0771,0.282,0,0.14,0.272,119.311
"426","Higher","1ZozJfi8u9cO2Ob8KwiwNT",316733,0.459,2,0.83,-6.254,1,0.0364,5.15e-05,0.00014,0.206,0.431,155.827
"427","Jumpin', Jumpin'","4pmc2AxSEq6g7hPVlJCPyP",230200,0.771,1,0.685,-4.639,1,0.0567,0.00543,0.00157,0.0537,0.683,88.997
"428","I Wanna Know","1m2xMsxbtxv21Brome189p",296693,0.725,8,0.487,-5.959,0,0.0368,0.26,1.09e-05,0.431,0.599,136.086
"429","Everything You Want","4cKGldbhGJniI8BrB3K6tb",257066,0.637,3,0.759,-6.389,0,0.0305,0.0504,0,0.0642,0.741,93.898
"430","Doesn't Really Matter","1G6fZu8udnnkJgg8NUoHak",264939,0.773,5,0.8,-2.875,0,0.0825,0.0791,0.00259,0.11,0.791,99.295
"431","Try Again","1kuZSCuFZh718pUEMhgfSs",284360,0.783,6,0.58,-7.398,0,0.298,0.0817,0,0.0831,0.762,93.026
"432","It's Gonna Be Me","2AW37v0bDyuOzGP3XnmFuA",192426,0.636,0,0.873,-4.672,0,0.071,0.0407,1.27e-06,0.0372,0.908,165.071
"433","Bent","6fA7akEuTUL3dW1V0GELaZ",256133,0.518,6,0.83,-6.814,0,0.0386,0.0404,3.85e-06,0.375,0.527,95.468
"434","All or Nothing","1z35crfs2inLHpArGKuHFd",281426,0.644,0,0.473,-5.201,1,0.0282,0.205,0,0.183,0.252,126.925
"435","Fallin'","0KQx6HOpJueiSkztcS0r7D",210200,0.653,11,0.609,-7.519,0,0.037,0.263,0.00101,0.233,0.482,95.982
"436","Where the Party At (feat. Nelly)","5mNV8Mz59bzyuQ53gTw0c0",232573,0.596,5,0.661,-6.239,0,0.226,0.31,0,0.0847,0.86,129.491
"437","Bootylicious","41nT1Sp6ChR65FbsdLlFHW",207906,0.84,1,0.835,-4.386,0,0.275,0.00281,1.11e-06,0.152,0.637,103.376
"438","Peaches & Cream","2SLZ2rX5773RS16mcqBxG7",193093,0.677,4,0.52,-6.255,0,0.334,0.00277,0,0.0532,0.768,203.862
"439","Drops of Jupiter (Tell Me)","2hKdd3qO7cWr2Jo0Bcs0MA",259933,0.468,0,0.64,-5.862,1,0.0275,0.154,0,0.154,0.499,79.297
"440","Hit 'Em Up Style (Oops!)","4zYTZvtcww7OWKie7fxA9E",250706,0.667,5,0.773,-4.983,0,0.0586,0.201,0,0.404,0.667,89.976
"441","Hanging By A Moment","0wqOReZDnrefefEsrIGeR4",216066,0.541,1,0.864,-4.915,1,0.0357,0.00118,0,0.0896,0.435,124.557
"442","Let Me Blow Ya Mind","3RmKpob8xzv1pzHEQrMJah",230133,0.908,8,0.557,-4.243,0,0.107,0.242,0,0.0709,0.897,90.032
"443","U Remind Me","2QsZVnbWVSjKMXK6K3uRBL",266893,0.657,6,0.629,-4.938,1,0.0782,0.194,0,0.254,0.726,93.985
"444","Just a Friend 2002 - Radio Edit","2cxbxpHrND6i4uvUGVvC9J",214200,0.538,0,0.677,-6.099,1,0.187,0.00541,0,0.236,0.913,132.346
"445","A Thousand Miles","4w1lzcaoZ1IC2K5TwjalRP",237493,0.56,11,0.825,-3.862,1,0.0379,0.323,0,0.161,0.268,94.931
"446","Foolish","6zMUIb4uce1CzpbjR3vMdN",227386,0.665,0,0.695,-5.763,1,0.0532,0.347,0,0.106,0.707,90.119
"447","The Middle","0ZPHHXmmW3nVoDBe3YUdmm",165853,0.634,2,0.85,-5.31,1,0.0549,0.0358,0,0.0711,0.913,162.166
"448","Hero (feat. Josey Scott)","779ooI3rBd0CLqCiiJmtVo",200480,0.427,4,0.843,-4.54,1,0.0364,0.00216,0,0.179,0.304,147.387
"449","I Need a Girl (Pt. 2) [feat. Loon, Ginuwine & Mario Winans]","6Wt5QBzHp9vdSLAFlvdnDQ",285586,0.713,1,0.471,-7.392,0,0.483,0.421,0,0.0308,0.781,199.765
"450","Without Me","1I1wdcCLTUe8qeg8NGICq0",291213,0.91,7,0.661,-2.814,1,0.0694,0.00276,0,0.35,0.643,112.251
"451","Dilemma","0ARK753YaiJbpLUk7z5yIM",289160,0.727,2,0.552,-8.074,0,0.14,0.227,0.000164,0.198,0.607,168.189
"452","Complicated","5xEM5hIgJ1jjgcEBfpkt2F",244506,0.585,5,0.776,-5.898,1,0.0459,0.0572,7.74e-06,0.3,0.427,77.987
"453","Hot In Herre","04KTF78FFg8sOHC1BADqbY",228240,0.956,11,0.745,-4.753,0,0.12,0.206,0,0.0615,0.912,107.075
"454","Never Leave You (Uh Oooh, Uh Oooh)","1AjQE5MtP5jHQMyDepbvLI",184906,0.811,6,0.657,-6.197,1,0.362,0.0391,0.712,0.0798,0.777,199.958
"455","P.I.M.P.","2D1hlMwWWXpkc3CZJ5U351",249466,0.7,10,0.758,-3.012,0,0.342,0.0444,1.3e-05,0.0401,0.889,78.693
"456","This Is The Night","2xnVdRMaQBkRfZyefKC2ec",212200,0.528,11,0.56,-8.296,1,0.0268,0.151,1.28e-06,0.3,0.372,99.037
"457","Bring Me To Life","0COqiPhxzoWICwFCS4eZcp",235893,0.331,4,0.943,-3.188,0,0.0698,0.00721,2.06e-06,0.242,0.296,94.612
"458","Get Busy","7C86DVl6REN8VPeGEMOf9q",211666,0.735,10,0.824,-4.143,0,0.036,0.615,0,0.158,0.726,100.202
"459","Rock Wit U (Awww Baby)","6pWzCKTrKrwbUPzY8RLCoP",209120,0.71,4,0.797,-3.006,0,0.0582,0.408,0,0.16,0.849,94.998
"460","Unwell","6Bm6qUCSatPAqkQllFL7oA",228706,0.256,6,0.788,-5.263,0,0.0403,0.0298,0,0.707,0.429,80.718
"461","Right Thurr","0l3GEbH3CviUytD6iX4wzg",250746,0.866,2,0.749,-3.977,1,0.253,0.15,0,0.0614,0.891,92.074
"462","Magic Stick","0aULRU35N9kTj6O1xMULRR",359973,0.849,2,0.499,-7.872,1,0.271,0.117,4.97e-05,0.268,0.504,92.982
"463","Crazy In Love (feat. Jay-Z)","5IVuqXILoxVWvWEPm82Jxr",236133,0.646,2,0.77,-6.596,0,0.226,0.00249,0,0.0715,0.681,99.165
"464","Sunshine (feat. Lea)","4s0o8TJHfX9LLHa0umnOzT",225173,0.814,0,0.387,-9.867,1,0.0945,0.0248,0,0.131,0.792,93.961
"465","Dip It Low - Feat. Fabolous","4lC9YAe6ZicEtxz6HQZFd5",218640,0.748,9,0.736,-4.274,1,0.133,0.0132,3.75e-05,0.095,0.58,169.156
"466","Turn Me On","0BBOLOV5JntPL3341swIre",192106,0.677,9,0.682,-6.879,1,0.0361,0.0405,0,0.0351,0.875,106.279
"467","Move Ya Body","2ndnVdR8si7CW9T8vJRHyW",232000,0.87,11,0.712,-6.313,0,0.0432,0.0202,0.000331,0.0576,0.877,121.057
"468","If I Ain't Got You","3XVBdLihbNbxUwZosxcGuJ",228706,0.609,7,0.445,-9.129,1,0.106,0.603,6.77e-06,0.104,0.166,118.393
"469","The Reason","1lHtE5JDCas1EwXhQIMOIj",232800,0.447,4,0.668,-4.683,1,0.0294,0.0127,0,0.152,0.0695,82.904
"470","Lean Back","2Ozc0me9PV5vlt8cokwdvI",247426,0.783,1,0.916,-3.344,1,0.415,0.11,0,0.0746,0.695,95.321
"471","Burn","7z3N2W7Xz1t2G2sAO8wFVH",231933,0.796,1,0.477,-7.161,1,0.108,0.314,0,0.12,0.685,119.928
"472","Slow Motion","6ihObRBTB8xdSH2mlERtOX",248200,0.713,0,0.734,-4.894,0,0.325,0.548,0,0.0687,0.89,172.872
"473","Confessions Part II","7wBThXx7BGZHJJ3aN3OPvv",211200,0.845,1,0.467,-7.674,1,0.138,0.0586,0,0.0694,0.702,138.007
"474","You And Me","7L605WhF5EGf34ggj87yK6",195493,0.461,7,0.446,-7.703,1,0.0267,0.1,0,0.169,0.375,139.868
"475","Just A Lil Bit","4nva9EpKntUTs6CRSGBCn9",237706,0.489,1,0.692,-6.672,1,0.41,0.0322,0.00608,0.315,0.527,96.946
"476","Let Me Hold You (feat. Omarion)","1oNToERLIN71YCPLbRIQGQ",248493,0.815,6,0.662,-8.244,1,0.199,0.0915,0.000409,0.0898,0.611,151.518
"477","Lose Control (feat. Ciara & Fat Man Scoop)","0UaMYEvWZi0ZqiDOoHU3YI",226863,0.904,4,0.813,-7.105,0,0.121,0.0311,0.00697,0.0471,0.81,125.461
"478","Don't Phunk With My Heart","4MtDnnAJ1AtWit10FRmZdW",239773,0.689,5,0.929,-2.76,0,0.0608,0.00933,0,0.548,0.609,130.899
"479","Behind These Hazel Eyes","0AKAxdNkwq9ZxRdW1DN9zW",198973,0.548,9,0.889,-4.682,1,0.0382,0.00165,0.00109,0.197,0.425,90.048
"480","Pon de Replay","4TsmezEQVSZNNPv5RJ65Ov",246960,0.779,7,0.64,-8.415,1,0.159,0.000155,0.00077,0.101,0.498,99.019
"481","Don't Cha","1gZ7i4qxXkHZb1r6eioaAP",272080,0.877,1,0.637,-3.493,0,0.101,0.00516,2.5e-06,0.0959,0.569,119.988
"482","Hollaback Girl","6RcQOut9fWL6FSqeIr5M1r",199906,0.918,10,0.918,-2.218,0,0.0954,0.344,5.35e-06,0.0243,0.882,110.024
"483","We Belong Together","3LmvfNUQtglbTrydsdIqFU",201400,0.837,0,0.462,-7.89,1,0.0601,0.0339,0,0.09,0.762,139.986
"484","Over My Head (Cable Car)","1N62wozuHCvczCkY4QidpP",236266,0.592,8,0.729,-4.156,1,0.0448,0.022,0,0.0653,0.709,116.03
"485","Ain't No Other Man","7huo2wvrCgRucUsjdSDLQV",228906,0.862,7,0.742,-4.722,1,0.222,0.00376,0.00855,0.103,0.511,127.91
"486","Unfaithful","13xxBnXOuiBxVxJI458B0i",226973,0.588,0,0.391,-8.607,0,0.0334,0.839,0,0.227,0.349,144.069
"487","Ridin'","3kZoay4ANo86ehb6s4RwS9",303053,0.788,8,0.798,-4.68,0,0.0997,0.189,0,0.3,0.836,143.051
"488","Buttons - Featuring Big Snoop Dogg","2ICylmg7jCYdOWUFNa8VW7",231293,0.524,2,0.809,-4.787,1,0.335,0.185,0,0.345,0.532,210.893
"489","It's Goin' Down (feat. Nitti)","05Sgj1Hx03ZXc57gsV1kfX",241840,0.888,1,0.577,-7.702,0,0.0612,0.0986,0,0.131,0.609,84.003
"490","Me & U","7k6IzwMGpxnRghE7YosnXT",192213,0.803,8,0.454,-4.802,0,0.0294,0.352,0,0.0655,0.739,99.99
"491","Crazy","2N5zMZX7YeL1tico8oQxa9",182066,0.835,8,0.741,-1.609,1,0.0339,0.0172,0.0577,0.0826,0.612,111.963
"492","Hips Don't Lie (feat. Wyclef Jean)","3ZFTkvIE7kyPt6Nu3PEa7V",218093,0.778,10,0.824,-5.892,0,0.0712,0.284,0,0.405,0.756,100.024
"493","Promiscuous","47aQT2aV12TyilaoYi1NiD",242200,0.795,10,0.978,-6.097,0,0.0459,0.046,8.29e-05,0.143,0.843,114.321
"494","Make Me Better","0YkJU6TjjwzsVXUPRIO0DB",253573,0.607,11,0.599,-6.886,1,0.0995,0.33,0,0.199,0.562,86.491
"495","Bartender (feat. Akon)","5kxddRG1RZaZROadk7iC4D",238800,0.675,8,0.394,-8.539,1,0.133,0.0611,0,0.214,0.405,104.987
"496","Makes Me Wonder","1lHXlGlve5Zx8tXLhyjDwM",211080,0.803,7,0.851,-2.429,1,0.0357,0.00485,0.000358,0.0577,0.881,113.996
"497","Beautiful Girls","67D9O4Oau629qirRXtTWCS",241933,0.745,9,0.666,-5.899,1,0.0566,0.159,0,0.302,0.708,129.995
"498","The Way I Are","2bLqfJjuC5syrsgDsZfGmn",179120,0.731,3,0.807,-6.492,0,0.1,0.181,0.751,0.319,0.765,114.759
"499","Buy U a Drank (Shawty Snappin') (feat. Yung Joc)","2aIdVb8v9KTpEZnftkz2mD",227960,0.451,1,0.55,-8.137,1,0.262,0.0108,0,0.0737,0.594,80.001
"500","Hey There Delilah","4RCWB3V8V0dignt99LZ8vH",232533,0.656,2,0.291,-10.572,1,0.0293,0.872,0,0.114,0.298,103.971
"501","Party Like A Rock Star","1IYaMVfidzSfvCUZYXhsU1",253400,0.619,7,0.709,-4.633,1,0.0395,0.00541,0,0.507,0.68,144.972
"502","Big Girls Don't Cry (Personal)","3Q4WeJmzxuDpzMu9QjQqbM",268120,0.708,7,0.641,-4.296,1,0.0335,0.205,0,0.0945,0.253,113.082
"503","Umbrella","49FYlytm3dAAraYgpoJZux",275986,0.583,1,0.829,-4.603,1,0.134,0.00864,0,0.0426,0.575,174.028
"504","Dangerous","4NOZ35Dhucr6UlVyLOtktd",246053,0.949,8,0.79,-5.957,1,0.0756,0.00437,0,0.0816,0.807,117.002
"505","Leavin'","20ORwCJusz4KS2PbTPVNKo",216880,0.687,9,0.71,-5.84,1,0.0522,0.0283,3.71e-06,0.0689,0.886,79.235
"506","Disturbia","2VOomzT6VavJOGBeySqaMc",238626,0.707,11,0.813,-4.515,0,0.0571,0.0863,0,0.168,0.722,124.921
"507","Pocketful of Sunshine","1uigwk5hNV84zRd5YQQRTk",202906,0.721,9,0.88,-3.896,0,0.0454,0.191,0,0.0769,0.655,110.021
"508","Forever","4X3FiBn7cd88I3MVtph9By",277106,0.669,11,0.822,-4.288,1,0.043,0.0339,0.000142,0.231,0.43,120.011
"509","Bleeding Love","7wZUrN8oemZfsEd1CGkbXE",262466,0.638,5,0.656,-5.886,1,0.0357,0.188,0,0.146,0.225,104.036
"510","Viva La Vida","1mea3bSkSGXuIRvnydlB5b",242373,0.485,5,0.619,-7.115,0,0.0289,0.0941,3.31e-06,0.109,0.416,138.017
"511","Lollipop","4P7VFiaZb3xrXoqGwZXC3J",299333,0.829,0,0.428,-9.469,1,0.0831,0.056,0.00413,0.137,0.45,148.075
"512","Take A Bow","3goSVuTt3fDYDP6kRnFwuL",229413,0.697,9,0.467,-7.536,1,0.0715,0.248,0,0.0941,0.572,82.082
"513","I Kissed A Girl","005lwxGU1tms6HGELIcUv9",179640,0.699,5,0.76,-3.173,1,0.0677,0.00223,0,0.132,0.696,129.996
"514","Waking Up In Vegas","6fvxos1qSHrIgOkKw4dhWS",199186,0.524,5,0.878,-3.108,0,0.0346,0.0012,0,0.098,0.59,130.989
"515","Use Somebody","5VGlqQANWDKJFl0MBG3sg2",230760,0.276,0,0.715,-5.356,1,0.0432,0.00552,0.000417,0.201,0.173,137.028
"516","I Know You Want Me (Calle Ocho)","5RzFJd6W40SDTyZkX6xx45",237120,0.82,9,0.731,-6.02,1,0.159,0.0133,1.94e-05,0.131,0.793,127.076
"517","LoveGame","5c0Wgs68kjgViFCVDGLB2I",216333,0.894,6,0.677,-5.618,0,0.0548,0.00562,2.63e-06,0.31,0.857,105.029
"518","Fire Burning","2oENJa1T33GJ0w8dC167G4",239986,0.839,1,0.804,-2.513,1,0.0329,0.0192,0,0.331,0.888,122.973
"519","You Belong With Me","3GCL1PydwsLodcpv0Ll1ch",231133,0.687,6,0.783,-4.44,1,0.0386,0.162,1.35e-05,0.114,0.443,129.964
"520","Best I Ever Had","3fyMH1t6UPeR5croea9PrR",257760,0.427,1,0.861,-4.874,1,0.376,0.219,0,0.277,0.581,161.776
"521","Knock You Down","58FUwmyGUqkt53YPUcm7cJ",326186,0.588,8,0.877,-4.78,1,0.16,0.00952,0,0.171,0.645,155.165
"522","Boom Boom Pow","7xRNsqOQOgWbHV1nbXnfXN",251440,0.867,9,0.857,-5.892,1,0.0663,0.13,0.00171,0.13,0.402,130.048
"523","I Gotta Feeling","4vp2J1l5RD4gMZwGFLfRAu",289133,0.743,0,0.766,-6.375,1,0.0265,0.0873,0,0.509,0.61,127.96
"524","Not Afraid","7Ie9W94M7OjPoZVV216Xus",248133,0.855,0,0.954,-1.19,0,0.264,0.529,0,0.205,0.668,114.635
"525","Find Your Love","4BycRneKmOs6MhYG9THsuX",208946,0.627,6,0.614,-6.006,0,0.17,0.0211,0,0.0286,0.758,96.038
"526","I Like It","4nVyHATevhl5RC6Qmoko5H",231786,0.646,10,0.94,-2.856,0,0.0838,0.0209,0,0.0691,0.704,129.011
"527","Cooler Than Me - Single Mix","2V4bv1fNWfTcyRJKmej6Sj",213293,0.768,7,0.82,-4.63,0,0.0475,0.179,0,0.704,0.625,129.969
"528","Billionaire (feat. Bruno Mars)","2qPUnoasNe4Ep43emVXEig",211160,0.633,6,0.673,-6.403,0,0.258,0.297,0,0.206,0.659,86.776
"529","Dynamite","1DqdF42leyFIzqNDv9CjId",203866,0.754,4,0.804,-3.177,1,0.0853,0.00332,0,0.0329,0.818,119.968
"530","OMG","3r04p85xiJh9Wqk59YDYdc",269493,0.781,4,0.745,-5.81,0,0.0332,0.198,1.14e-05,0.36,0.326,129.998
"531","Airplanes (feat. Hayley Williams)","6lV2MSQmRIkycDScNtrBXO",180480,0.66,6,0.867,-4.285,0,0.116,0.11,0,0.0368,0.377,93.033
"532","Love The Way You Lie","15JINEqzVMv3SvJTAXAKED",263373,0.749,10,0.925,-5.034,1,0.227,0.241,0,0.52,0.641,86.989
"533","California Gurls","6KOEK6SeCEZOQkLj5M1PxH",234653,0.788,0,0.753,-3.71,1,0.0536,0.0038,0,0.18,0.403,125.005
"534","E.T.","4kkeuVl6gF3RMqE4Nn5W3E",206373,0.602,5,0.863,-5.423,0,0.0773,0.0178,0,0.389,0.732,150.183
"535","Tonight Tonight","2i0AUcEnsDm3dsqLrFWUCq",200466,0.686,4,0.783,-4.977,1,0.119,0.0764,0,0.163,0.814,99.978
"536","Good Life","6OtCIsQZ64Vs1EbzztvAv4",253306,0.634,6,0.69,-7.804,1,0.052,0.0771,0,0.132,0.645,94.988
"537","The Edge Of Glory","0JNdS1n0ifOP25XvhwAMgM",320586,0.581,9,0.772,-6.544,1,0.0401,0.000343,0.0191,0.11,0.361,127.952
"538","How To Love","36IZGm2IuECLTxMKa9qajO",240306,0.644,11,0.661,-6.093,1,0.0418,0.000177,5.14e-06,0.108,0.272,154.001
"539","Super Bass","2708Nq8H3EEBcahVCNsfTe",201253,0.767,11,0.738,-7.491,1,0.231,0.0582,0.0109,0.404,0.59,126.938
"540","Last Friday Night (T.G.I.F.)","3KoTtGEDiBwUWzdRQVh9lh",230733,0.651,3,0.812,-3.797,0,0.0409,0.00125,3.01e-05,0.667,0.72,126.023
"541","Rolling in the Deep","1CkvWZme3pRgbzaxZnTl5X",228293,0.729,8,0.756,-5.119,1,0.0294,0.131,0,0.0527,0.522,104.945
"542","Give Me Everything (feat. Ne-Yo, Afrojack & Nayer)","3QFbOgWOqXEtOD02FMcX7K",252306,0.673,3,0.934,-3.206,1,0.156,0.161,0,0.279,0.485,129.027
"543","Party Rock Anthem","0IkKz2J93C94Ei4BvDop7P",262173,0.75,5,0.727,-4.21,0,0.142,0.0189,0,0.266,0.359,129.993
"544","Starships","59RSrxkSKSixEWBAIvE5Wa",210626,0.747,11,0.716,-2.457,0,0.0751,0.135,0,0.251,0.751,125.006
"545","We Are Young (feat. Janelle Monáe)","4fz20fbPHtJg8CLuxKOGFV",250626,0.378,10,0.638,-5.576,1,0.075,0.02,7.66e-05,0.0849,0.735,184.086
"546","Titanium (feat. Sia)","77TT8Xvx637TpzV8kKGkUw",245040,0.604,0,0.788,-3.673,0,0.103,0.0678,0.153,0.127,0.301,126.06
"547","Whistle","3bC1ahPIYt1btJzSSEyyrF",224653,0.747,0,0.937,-5.746,1,0.0453,0.0208,0,0.29,0.739,103.976
"548","Where Have You Been","5WQQIDU3HRaMyPkob8mpFb",242680,0.719,0,0.847,-6.34,0,0.0916,0.00201,0.0204,0.221,0.444,127.963
"549","Lights - Single Version","7gUpO6td4OOnu0Lf9vhcIV",211800,0.683,8,0.789,-6.132,0,0.0353,0.0283,0.0492,0.112,0.809,120.013
"550","Wide Awake","5JLv62qFIS1DR3zGEcApRt",220946,0.514,5,0.683,-5.099,1,0.0367,0.0749,2.64e-06,0.392,0.575,159.814
"551","Somebody That I Used To Know","4wCmqSrbyCgxEXROQE6vtV",244973,0.864,0,0.495,-7.036,1,0.037,0.591,0.000133,0.0992,0.72,129.062
"552","Payphone","1LmN9SSHISbtp9LoaR5ZVJ",231386,0.739,4,0.756,-4.828,1,0.0394,0.0136,0,0.37,0.523,110.028
"553","Call Me Maybe","0FA3iTc2K2jIP3WpjOiGsR",193400,0.783,7,0.58,-6.548,1,0.0408,0.0114,2.28e-06,0.108,0.66,120.021
"554","Come & Get It","6LoQHIo74tOzQ8EsLEkhgF",231986,0.546,7,0.787,-4.1,0,0.0517,0.0101,0.00021,0.0809,0.573,79.979
"555","Cups (Pitch Perfect’s “When I’m Gone”) - Pop Version","2sCl0FFOzZSmYZs90zOpd1",126880,0.887,0,0.441,-8.98,1,0.114,0.0514,0.00667,0.0338,0.715,129.908
"556","Treasure","55h7vJchibLdUkxdlX3fK7",178560,0.874,5,0.692,-5.28,0,0.0431,0.0412,7.24e-05,0.324,0.937,116.017
"557","Mirrors","2JZKXgq5zsokN01KWyiY6n",484146,0.574,5,0.512,-6.664,0,0.0503,0.234,0,0.0946,0.512,76.899
"558","Cruise - Remix","0jHSdjxn9LfzNL0WkDu93W",208786,0.525,0,0.915,-4.351,0,0.0789,0.0156,0,0.66,0.623,149.042
"559","Can't Hold Us (feat. Ray Dalton)","3BE0getU08uXas8ZjULABA",258431,0.634,2,0.927,-4.468,1,0.0838,0.027,0,0.0986,0.88,146.094
"560","We Can't Stop","2y4lAQpi5VTNLu2ldeTdUH",231240,0.613,1,0.622,-5.794,0,0.0334,0.00882,0,0.37,0.484,80.003
"561","Get Lucky (feat. Pharrell Williams & Nile Rodgers) - Radio Edit","2Foc5Q5nqNiosCNqttzHof",248413,0.794,6,0.811,-8.966,0,0.038,0.0426,1.07e-06,0.101,0.862,116.047
"562","Radioactive","4G8gkOterJn0Ywt6uhqbhp",186813,0.448,9,0.784,-3.686,1,0.0627,0.106,0.000108,0.668,0.236,136.245
"563","Blurred Lines","0n4bITAu0Y0nigrz3MFJMb",263826,0.853,7,0.599,-4.756,1,0.0411,0.00334,7.93e-06,0.0759,0.843,119.993
"564","Turn Down for What","67awxiNHNyjMXhVgsHuIrs",213733,0.818,1,0.799,-4.1,0,0.156,0.00107,0.128,0.057,0.0815,100.014
"565","Summer","6YUTL4dYpB9xZO5qExPf05",222533,0.596,4,0.856,-3.556,0,0.0346,0.0211,0.0178,0.141,0.743,127.949
"566","Happy","6NPVjNh8Jhru9xOmyQigds",233305,0.652,1,0.757,-6.819,1,0.153,0.286,0,0.0886,0.962,159.911
"567","Wiggle (feat. Snoop Dogg)","2sLwPnIP3CUVmIuHranJZU",193295,0.697,9,0.621,-6.886,0,0.25,0.0802,0,0.162,0.721,81.946
"568","All of Me","3U4isOIWM3VvDubwSI3y7a",269560,0.422,8,0.264,-7.064,1,0.0322,0.922,0,0.132,0.331,119.93
"569","Am I Wrong","1fidCEsYlaVE3pHwKCvpFZ",245866,0.729,8,0.675,-6.003,1,0.0312,0.175,1.58e-06,0.55,0.779,119.968
"570","Stay With Me","5Db9VIdDsN5yu3Eu7CT0i4",172723,0.479,0,0.419,-6.517,1,0.0389,0.568,0.000217,0.11,0.186,85.014
"571","Problem","7vS3Y0IKjde7Xg85LWIEdP",193920,0.66,1,0.805,-5.352,0,0.153,0.0192,8.83e-06,0.159,0.625,103.008
"572","Rude","6RtPijgfPKROxEzTHNRiDp",224840,0.774,1,0.756,-4.995,1,0.0389,0.0423,0,0.305,0.931,144.032
"573","Fancy","3H9DlQEsjB0whMWy9g4MCX",199938,0.912,10,0.716,-4.141,0,0.0697,0.0904,0,0.0491,0.377,94.981
"574","Fight Song","37f4ITSlgPX81ad2EvmVQr",204013,0.564,7,0.714,-4.987,1,0.129,0.0549,0,0.155,0.33,175.924
"575","The Hills","7fBv7CLKzipRk6EC6TWHOB",242253,0.585,0,0.564,-7.063,0,0.0515,0.0671,0,0.135,0.137,113.003
"576","Lean On","5wldXGLEOoRXxMWJ8rIUWE",176561,0.723,7,0.809,-3.081,0,0.0625,0.00346,0.00123,0.565,0.274,98.007
"577","Shut Up and Dance","4kbj5MwxO1bq9wjT5g9HaA",199080,0.578,1,0.866,-3.804,1,0.0619,0.00701,0,0.257,0.619,128.038
"578","Trap Queen","2d8JP84HNLKhmd6IYOoupQ",222093,0.746,7,0.873,-3.803,1,0.128,0.0244,0,0.354,0.817,148.075
"579","Watch Me (Whip / Nae Nae)","5RIVoVdkDLEygELLCniZFr",185142,0.821,8,0.759,-8.541,1,0.121,0.247,0,0.321,0.962,140.01
"580","Can't Feel My Face","7J8QP8SvEoXC09R9xf7SKt",213520,0.705,9,0.769,-5.526,0,0.0426,0.112,0,0.105,0.59,107.939
"581","Bad Blood","6xsEAm6w9oMQYYg3jkEkMT",200106,0.654,11,0.655,-7.388,0,0.106,0.0294,0,0.139,0.221,170.16
"582","See You Again (feat. Charlie Puth)","4Aep3WGBQlpbKXkW7kfqcU",229525,0.689,10,0.481,-7.503,1,0.0815,0.369,1.03e-06,0.0649,0.283,80.025
"583","Cheerleader - Felix Jaehn Remix Radio Edit","023OVLNzXhX0j7CxswUt6D",180560,0.78,4,0.68,-6.081,1,0.0305,0.141,1.2e-05,0.138,0.594,118.026
"584","Send My Love (To Your New Lover)","4BHzQ9C00ceJxfG16AlNWb",223080,0.69,6,0.524,-8.39,0,0.103,0.0415,3.16e-06,0.17,0.562,164.023
"585","Work from Home (feat. Ty Dolla $ign)","4tCtwWceOPWzenK2HAIJSb",214480,0.803,8,0.585,-5.861,1,0.0432,0.103,3.94e-06,0.0644,0.593,105.017
"586","Ride","2Z8WuEywRWYTKe1NybPQEW",214506,0.645,6,0.713,-5.355,1,0.0393,0.00835,0,0.113,0.566,74.989
"587","Needed Me","1Tt4sE4pXi57mTD1GCzsqm",191600,0.671,5,0.314,-8.091,0,0.244,0.11,0,0.0825,0.296,110.898
"588","Panda","5YEOzOojehCqxGQCcQiyR4",246761,0.576,10,0.766,-4.943,0,0.449,0.028,1.68e-06,0.366,0.236,144.833
"589","This Is What You Came For (feat. Rihanna)","0azC730Exh71aQlOt9Zj3y",222160,0.63,9,0.928,-2.787,0,0.0331,0.199,0.124,0.148,0.465,123.963
"590","Cheap Thrills (feat. Sean Paul)","2ONIJ40u0Attbm3miIIpNO",224493,0.592,6,0.788,-4.924,0,0.201,0.0599,2.54e-06,0.125,0.755,89.949
"591","Don't Let Me Down (feat. Daya)","1i1fxkWeaMmKEB4T7zqbzK",208373,0.532,11,0.869,-5.094,1,0.172,0.157,0.00508,0.136,0.422,159.803
"592","CAN'T STOP THE FEELING! (Original Song from DreamWorks Animation's ""TROLLS"")","1WkMMavIMc4JZ8cfMmxHkI",237546,0.669,0,0.832,-5.72,1,0.0682,0.0106,0,0.0968,0.7,113.035
"593","One Dance","12VWzyPDBCc8fqeWCAfNwR",173986,0.792,1,0.625,-5.609,1,0.0536,0.00776,0.00188,0.329,0.37,103.967
"594","Congratulations","3a1lNhkSLSkpJE4MSHpDu9",220293,0.63,6,0.804,-4.183,1,0.0363,0.215,0,0.253,0.492,123.146
"595","Body Like A Back Road","7mldq42yDuxiUNn08nvzHO",165386,0.732,5,0.458,-7.225,1,0.0311,0.447,0,0.136,0.661,98.938
"596","Unforgettable","3B54sVLJ402zGa6Xm4YGNe",233901,0.726,6,0.769,-5.043,1,0.123,0.0293,0.0101,0.104,0.733,97.985
"597","HUMBLE.","7KXjTSCq5nL1LoYtL7XAwS",177000,0.908,1,0.621,-6.638,0,0.102,0.000282,5.39e-05,0.0958,0.421,150.011
"598","Believer","5VKSZDsidOFHrtlJb33Syo",204346,0.784,10,0.78,-4.275,0,0.102,0.0492,0,0.118,0.722,124.953
"599","Shape of You","7qiZfU4dY1lWllzX7mPBI3",233712,0.825,1,0.652,-3.183,0,0.0802,0.581,0,0.0931,0.931,95.977
"600","Wild Thoughts (feat. Rihanna & Bryson Tiller)","45XhKYRRkyeqoW3teSOkCM",204664,0.613,8,0.681,-3.089,1,0.0778,0.0287,0,0.126,0.619,97.621
"601","I'm the One (feat. Justin Bieber, Quavo, Chance the Rapper & Lil Wayne)","1jYiIOC5d6soxkJP81fxq2",288876,0.599,7,0.667,-4.267,1,0.0367,0.0533,0,0.134,0.817,80.984
"602","That's What I Like","0KKkJNfGyhkQ5aFogxQAPU",206693,0.853,1,0.56,-4.961,1,0.0406,0.013,0,0.0944,0.86,134.066
"603","Despacito - Remix","6rPO02ozF3bM7NnOV4h6s2",228826,0.653,2,0.816,-4.353,1,0.167,0.228,0,0.0967,0.816,178.085
"604","Better Now","7dt6x5M1jzdTEt8oCbisTK",231266,0.68,10,0.578,-5.804,1,0.04,0.331,0,0.135,0.341,145.038
"605","God's Plan","6DCZcSspjsKoFjzjrWoCdn",198973,0.754,7,0.449,-9.211,1,0.109,0.0332,8.29e-05,0.552,0.357,77.169
"606","no tears left to cry","2qT1uLXPVPzGgFOx4jtEuo",205920,0.699,9,0.713,-5.507,0,0.0594,0.04,3.11e-06,0.294,0.354,121.993
"607","Boo'd Up","0At2qAoaVjIwWNAqrscXli",256063,0.561,10,0.779,-5.107,0,0.0531,0.0862,0,0.078,0.235,81.965
"608","Psycho (feat. Ty Dolla $ign)","3swc6WTsr7rl9DqQKQA55C",221440,0.75,8,0.56,-8.094,1,0.105,0.546,0,0.111,0.459,140.06
"609","Lucid Dreams","285pBltuF7vW8TeWk8hdRR",239835,0.511,6,0.566,-7.23,0,0.2,0.349,0,0.34,0.218,83.903
"610","Nice For What","3CA9pLiwRIGtUBiMjbZmRw",210746,0.586,8,0.909,-6.474,1,0.0705,0.0891,0.000109,0.119,0.757,93.394
"611","Girls Like You","6OEHjJJvdkk1Ln0p0AZdyz",215229,0.611,0,0.462,-7.054,1,0.0646,0.558,1.01e-06,0.131,0.377,59.635
"612","I Like It","58q2HKrzhC3ozto2nDdN4z",253390,0.816,5,0.726,-3.998,0,0.129,0.099,0,0.372,0.65,136.048
"613","In My Feelings","2G7V7zsVDxg1yRsu7Ew9RJ",217925,0.835,1,0.626,-5.833,1,0.125,0.0589,6e-05,0.396,0.35,91.03
